file,builds,build_id,dps,priority_dps,race,class,spec,range_pct_dps,talent_str,targets,crit,haste,vers,mastery,min_dps,max_dps,StdDev,trinket_1,trinket_2
00_baseline_001,baseline,baseline,57840.8975860845,57840.8975860845,Void Elf,Mage,Arcane,18.097678794871527,C4DAAAAAAAAAAAAAAAAAAAAAAYGmZZmZmFmZGaGzAAAwAAgAmZmZZZmJWAAYbmZmZmZbx2MzMLjxYMzMGbMzMjBAwAAAAzMzsAAwMAA,1,602.0,1237.0,107.0,519.0,52858.47767183236,63326.337529032535,1988.92317176628,galactic_gladiators_badge_of_ferocity,galactic_gladiators_insignia_of_alacrity
00_baseline_001,baseline,mage_arcane_spellslinger_63,50507.89631137845,50507.896311378565,Void Elf,Mage,Arcane,20.43741325648496,C4DAAAAAAAAAAAAAAAAAAAAAAYGmZZmZmFmZGaGzAAAwAAAAzMzssMzELAAsNmZmZmtNbzMmtxMjxMzMsxMzMmBAYAAAgZmZWAAYGAA,1,602.0,1237.0,107.0,519.0,44894.086354770574,55216.59385108391,1817.71989102572,galactic_gladiators_badge_of_ferocity,galactic_gladiators_insignia_of_alacrity
00_baseline_001,baseline,mage_arcane_spellslinger_30,54813.21061266163,54813.21061266167,Void Elf,Mage,Arcane,24.6887734302031,C4DAAAAAAAAAAAAAAAAAAAAAAYGmZZmZmFmZGaGzAAAwAAAAzMzssMzELAAsNmZmZmtNbzMmlZmZMmZmhNmZmxAAYAAAgZmZ2AAYGAA,1,602.0,1237.0,107.0,519.0,49500.70607134696,63033.41544932703,2143.12290830363,galactic_gladiators_badge_of_ferocity,galactic_gladiators_insignia_of_alacrity
00_baseline_001,baseline,mage_arcane_spellslinger_1,55493.9613197497,55493.96131974977,Void Elf,Mage,Arcane,24.36230039689059,C4DAAAAAAAAAAAAAAAAAAAAAAYGmZZmZmFmZGaGzAAAwAAAAzMzssMzELAAsNmZmZmlFLzMmlZmZMmZmhNmZmxAAYAAAgZmZWAAYGAA,1,602.0,1237.0,107.0,519.0,48604.05471665452,62123.66027550621,2068.9330208120814,galactic_gladiators_badge_of_ferocity,galactic_gladiators_insignia_of_alacrity
00_baseline_001,baseline,mage_arcane_spellslinger_60,47978.91770312911,47978.91770312916,Void Elf,Mage,Arcane,24.01398068898142,C4DAAAAAAAAAAAAAAAAAAAAAAYGmZZmZmFmZGaGzAAAwAAAAzMzssMzELAAsNmZmZmlNbzMmtxMjxMzMsxMzMmBAYAAAgZmZ2AAYGAA,1,602.0,1237.0,107.0,519.0,42499.00730903926,54020.65534105097,1833.4046245652296,galactic_gladiators_badge_of_ferocity,galactic_gladiators_insignia_of_alacrity
00_baseline_001,baseline,mage_arcane_spellslinger_33,55141.16329278853,55141.16329278859,Void Elf,Mage,Arcane,22.16610090238603,C4DAAAAAAAAAAAAAAAAAAAAAAYGmZZmZmFmZGaGzAAAwAAAAzMzssMzELAAsNmZmZmlFLzMmlxMjxMzMsxMzMmBAYAAAgZmZWAAYGAA,1,602.0,1237.0,107.0,519.0,49744.23552468573,61966.88141891469,2042.2121281163827,galactic_gladiators_badge_of_ferocity,galactic_gladiators_insignia_of_alacrity
00_baseline_001,baseline,mage_arcane_spellslinger_2,54127.21323665169,54127.21323665184,Void Elf,Mage,Arcane,22.22870465703993,C4DAAAAAAAAAAAAAAAAAAAAAAYGmZZmZmFmZGaGzAAAwAAAAzMzssMzELAAsNmZmZmlFLzMmlZmZMmZmhNmZmxAAYAAAgZmZ2AAYGAA,1,602.0,1237.0,107.0,519.0,48018.357696743165,60050.13606620469,2105.053466034658,galactic_gladiators_badge_of_ferocity,galactic_gladiators_insignia_of_alacrity
00_baseline_001,baseline,mage_arcane_spellslinger_61,56178.60444961589,56178.60444961593,Void Elf,Mage,Arcane,24.166146187737496,C4DAAAAAAAAAAAAAAAAAAAAAAYGmZZmZmFmZGaGzAAAwAAAAzMzssMzELAAsNmZmZmtNbzMmlxMjxMzMsxMzMmBAYAAAgZmZWAAYGAA,1,602.0,1237.0,107.0,519.0,49656.04001644079,63232.24369396577,2169.2294572209403,galactic_gladiators_badge_of_ferocity,galactic_gladiators_insignia_of_alacrity
00_baseline_001,baseline,mage_arcane_spellslinger_32,49915.51597269852,49915.515972698544,Void Elf,Mage,Arcane,20.507224990293683,C4DAAAAAAAAAAAAAAAAAAAAAAYGmZZmZmFmZGaGzAAAwAAAAzMzssMzELAAsNmZmZmtNbzMmtZmZMmZmhNmZmxAAYAAAgZmZ2AAYGAA,1,602.0,1237.0,107.0,519.0,44847.71955498792,55084.006720575184,1799.491288543437,galactic_gladiators_badge_of_ferocity,galactic_gladiators_insignia_of_alacrity
00_baseline_001,baseline,mage_arcane_spellslinger_3,49990.80987756431,49990.80987756437,Void Elf,Mage,Arcane,21.49581040282981,C4DAAAAAAAAAAAAAAAAAAAAAAYGmZZmZmFmZGaGzAAAwAAAAzMzssMzELAAsNmZmZmlFLzMmtZmZMmZmhNmZmxAAYAAAgZmZWAAYGAA,1,602.0,1237.0,107.0,519.0,44668.734874324815,55414.66458444516,1868.7542916953296,galactic_gladiators_badge_of_ferocity,galactic_gladiators_insignia_of_alacrity
00_baseline_001,baseline,mage_arcane_spellslinger_35,48822.08817746182,48822.08817746191,Void Elf,Mage,Arcane,22.327082613290592,C4DAAAAAAAAAAAAAAAAAAAAAAYGmZZmZmFmZGaGzAAAwAAAAzMzssMzELAAsNmZmZmlFLzMmtxMjxMzMsxMzMmBAYAAAgZmZWAAYGAA,1,602.0,1237.0,107.0,519.0,43867.69425486599,54768.242215781465,1817.7730601660105,galactic_gladiators_badge_of_ferocity,galactic_gladiators_insignia_of_alacrity
00_baseline_001,baseline,mage_arcane_spellslinger_79,47736.04332651943,47736.04332651945,Void Elf,Mage,Arcane,26.441758217636256,C4DAAAAAAAAAAAAAAAAAAAAAAYGmZZmZmFmZGaGzAAAwAAAAzMzssMzELAAsxMzMzstYbmxsNzMjxMzMsxMzMmBAYAAAgZmZWAAYGAA,1,602.0,1237.0,107.0,519.0,42003.90007917365,54626.149238238,1682.5547978401455,galactic_gladiators_badge_of_ferocity,galactic_gladiators_insignia_of_alacrity
00_baseline_001,baseline,mage_arcane_spellslinger_4,48771.66643830707,48771.66643830712,Void Elf,Mage,Arcane,26.121394069886755,C4DAAAAAAAAAAAAAAAAAAAAAAYGmZZmZmFmZGaGzAAAwAAAAzMzssMzELAAsNmZmZmlFLzMmtZmZMmZmhNmZmxAAYAAAgZmZ2AAYGAA,1,602.0,1237.0,107.0,519.0,41975.80325544401,54715.6424402449,1861.45838667422,galactic_gladiators_badge_of_ferocity,galactic_gladiators_insignia_of_alacrity
00_baseline_001,baseline,mage_arcane_spellslinger_34,54399.925850881846,54399.92585088189,Void Elf,Mage,Arcane,24.44937903363627,C4DAAAAAAAAAAAAAAAAAAAAAAYGmZZmZmFmZGaGzAAAwAAAAzMzssMzELAAsNmZmZmlFLzMmlxMjxMzMsxMzMmBAYAAAgZmZ2AAYGAA,1,602.0,1237.0,107.0,519.0,48684.06201097803,61984.50607627721,2072.899562572633,galactic_gladiators_badge_of_ferocity,galactic_gladiators_insignia_of_alacrity
00_baseline_001,baseline,mage_arcane_spellslinger_78,54472.74437546573,54472.74437546573,Void Elf,Mage,Arcane,23.63388644245232,C4DAAAAAAAAAAAAAAAAAAAAAAYGmZZmZmFmZGaGzAAAwAAAAzMzssMzELAAsxMzMzstYbmxsMzMjxMzMsxMzMmBAYAAAgZmZ2AAYGAA,1,602.0,1237.0,107.0,519.0,48702.29218267519,61576.318730460094,2080.8426809690595,galactic_gladiators_badge_of_ferocity,galactic_gladiators_insignia_of_alacrity
00_baseline_001,baseline,mage_arcane_spellslinger_5,56584.187586355794,56584.18758635589,Void Elf,Mage,Arcane,20.62672815483909,C4DAAAAAAAAAAAAAAAAAAAAAAYGmZZmZmFmZGaGzAAAwAAAAzMzssMzELAAsNmZmZmtFLzMmlZmZMmZmhNmZmxAAYAAAgZmZWAAYGAA,1,602.0,1237.0,107.0,519.0,50634.12521734405,62305.59176940586,1915.7063909636092,galactic_gladiators_badge_of_ferocity,galactic_gladiators_insignia_of_alacrity
00_baseline_001,baseline,mage_arcane_spellslinger_64,48778.64559009307,48778.64559009312,Void Elf,Mage,Arcane,21.713143856655183,C4DAAAAAAAAAAAAAAAAAAAAAAYGmZZmZmFmZGaGzAAAwAAAAzMzssMzELAAsNmZmZmtNbzMmtxMjxMzMsxMzMmBAYAAAgZmZ2AAYGAA,1,602.0,1237.0,107.0,519.0,43471.46468686146,54062.84217516636,1786.213991280389,galactic_gladiators_badge_of_ferocity,galactic_gladiators_insignia_of_alacrity
00_baseline_001,baseline,mage_arcane_spellslinger_37,56505.876059037946,56505.876059038,Void Elf,Mage,Arcane,18.87861738694912,C4DAAAAAAAAAAAAAAAAAAAAAAYGmZZmZmFmZGaGzAAAwAAAAzMzssMzELAAsNmZmZmtFLzMmlxMjxMzMsxMzMmBAYAAAgZmZWAAYGAA,1,602.0,1237.0,107.0,519.0,51425.12344385764,62092.6515861871,2024.03996089954,galactic_gladiators_badge_of_ferocity,galactic_gladiators_insignia_of_alacrity
00_baseline_001,baseline,mage_arcane_spellslinger_6,55684.3514827301,55684.35148273013,Void Elf,Mage,Arcane,23.38563686822933,C4DAAAAAAAAAAAAAAAAAAAAAAYGmZZmZmFmZGaGzAAAwAAAAzMzssMzELAAsNmZmZmtFLzMmlZmZMmZmhNmZmxAAYAAAgZmZ2AAYGAA,1,602.0,1237.0,107.0,519.0,50077.93086463511,63100.07109481484,2020.1322963030464,galactic_gladiators_badge_of_ferocity,galactic_gladiators_insignia_of_alacrity
00_baseline_001,baseline,mage_arcane_spellslinger_36,47522.98596643798,47522.98596643804,Void Elf,Mage,Arcane,19.20120842403016,C4DAAAAAAAAAAAAAAAAAAAAAAYGmZZmZmFmZGaGzAAAwAAAAzMzssMzELAAsNmZmZmlFLzMmtxMjxMzMsxMzMmBAYAAAgZmZ2AAYGAA,1,602.0,1237.0,107.0,519.0,43515.90903207992,52640.89661681828,1727.0638291719188,galactic_gladiators_badge_of_ferocity,galactic_gladiators_insignia_of_alacrity
00_baseline_001,baseline,mage_arcane_spellslinger_7,50798.5163064596,50798.51630645967,Void Elf,Mage,Arcane,22.89146864290513,C4DAAAAAAAAAAAAAAAAAAAAAAYGmZZmZmFmZGaGzAAAwAAAAzMzssMzELAAsNmZmZmtFLzMmtZmZMmZmhNmZmxAAYAAAgZmZWAAYGAA,1,602.0,1237.0,107.0,519.0,44796.12186753679,56424.64829889104,1865.143235002976,galactic_gladiators_badge_of_ferocity,galactic_gladiators_insignia_of_alacrity
00_baseline_001,baseline,mage_arcane_spellslinger_39,49202.48775293384,49202.4877529339,Void Elf,Mage,Arcane,22.379965094322756,C4DAAAAAAAAAAAAAAAAAAAAAAYGmZZmZmFmZGaGzAAAwAAAAzMzssMzELAAsNmZmZmtFLzMmtxMjxMzMsxMzMmBAYAAAgZmZWAAYGAA,1,602.0,1237.0,107.0,519.0,44450.88338974893,55462.38297439394,1850.1218361857275,galactic_gladiators_badge_of_ferocity,galactic_gladiators_insignia_of_alacrity
00_baseline_001,baseline,mage_arcane_spellslinger_75,47298.61985582428,47298.61985582433,Void Elf,Mage,Arcane,18.514326179060543,C4DAAAAAAAAAAAAAAAAAAAAAAYGmZZmZmFmZGaGzAAAwAAAAzMzssMzELAAsxMzMzssYbmxsNzMjxMzMsxMzMmBAYAAAgZmZWAAYGAA,1,602.0,1237.0,107.0,519.0,42867.55441745769,51624.575175758895,1654.6463136282755,galactic_gladiators_badge_of_ferocity,galactic_gladiators_insignia_of_alacrity
00_baseline_001,baseline,mage_arcane_spellslinger_8,49466.34503629049,49466.345036290535,Void Elf,Mage,Arcane,22.63872731236759,C4DAAAAAAAAAAAAAAAAAAAAAAYGmZZmZmFmZGaGzAAAwAAAAzMzssMzELAAsNmZmZmtFLzMmtZmZMmZmhNmZmxAAYAAAgZmZ2AAYGAA,1,602.0,1237.0,107.0,519.0,44367.464288709976,55566.01525287066,1822.977910175093,galactic_gladiators_badge_of_ferocity,galactic_gladiators_insignia_of_alacrity
00_baseline_001,baseline,mage_arcane_spellslinger_38,55537.01363106633,55537.01363106634,Void Elf,Mage,Arcane,22.2050782217561,C4DAAAAAAAAAAAAAAAAAAAAAAYGmZZmZmFmZGaGzAAAwAAAAzMzssMzELAAsNmZmZmtFLzMmlxMjxMzMsxMzMmBAYAAAgZmZ2AAYGAA,1,602.0,1237.0,107.0,519.0,49848.01218865774,62180.049507463365,2162.596567213378,galactic_gladiators_badge_of_ferocity,galactic_gladiators_insignia_of_alacrity
00_baseline_001,baseline,mage_arcane_spellslinger_74,53257.82265242984,53257.822652429815,Void Elf,Mage,Arcane,24.477066331124224,C4DAAAAAAAAAAAAAAAAAAAAAAYGmZZmZmFmZGaGzAAAwAAAAzMzssMzELAAsxMzMzssYbmxsMzMjxMzMsxMzMmBAYAAAgZmZ2AAYGAA,1,602.0,1237.0,107.0,519.0,46034.50667501311,59070.45925216087,2008.5151293042195,galactic_gladiators_badge_of_ferocity,galactic_gladiators_insignia_of_alacrity
00_baseline_001,baseline,mage_arcane_spellslinger_9,54992.01089919082,54992.01089919086,Void Elf,Mage,Arcane,22.26368309357188,C4DAAAAAAAAAAAAAAAAAAAAAAYGmZZmZmFmZGaGzAAAwAAAAzMzssMzELAAsNmZmZmlFbzMmlZmZMmZmhNmZmxAAYAAAgZmZWAAYGAA,1,602.0,1237.0,107.0,519.0,48657.58786075451,60900.83489413286,2145.3516813212564,galactic_gladiators_badge_of_ferocity,galactic_gladiators_insignia_of_alacrity
00_baseline_001,baseline,mage_arcane_spellslinger_10,53110.04248074842,53110.04248074847,Void Elf,Mage,Arcane,24.074370624996405,C4DAAAAAAAAAAAAAAAAAAAAAAYGmZZmZmFmZGaGzAAAwAAAAzMzssMzELAAsNmZmZmlFbzMmlZmZMmZmhNmZmxAAYAAAgZmZ2AAYGAA,1,602.0,1237.0,107.0,519.0,46952.14041154193,59738.04887745034,2065.3290374199646,galactic_gladiators_badge_of_ferocity,galactic_gladiators_insignia_of_alacrity
00_baseline_001,baseline,mage_arcane_spellslinger_11,51127.30396486125,51127.30396486128,Void Elf,Mage,Arcane,22.36922871826119,C4DAAAAAAAAAAAAAAAAAAAAAAYGmZZmZmFmZGaGzAAAwAAAAzMzssMzELAAsNmZmZmlFbzMmtZmZMmZmhNmZmxAAYAAAgZmZWAAYGAA,1,602.0,1237.0,107.0,519.0,45517.17789524888,56953.96145662932,1941.3611757526944,galactic_gladiators_badge_of_ferocity,galactic_gladiators_insignia_of_alacrity
00_baseline_001,baseline,mage_arcane_spellslinger_12,49212.11654286315,49212.1165428632,Void Elf,Mage,Arcane,21.243575474401258,C4DAAAAAAAAAAAAAAAAAAAAAAYGmZZmZmFmZGaGzAAAwAAAAzMzssMzELAAsNmZmZmlFbzMmtZmZMmZmhNmZmxAAYAAAgZmZ2AAYGAA,1,602.0,1237.0,107.0,519.0,44412.22365275468,54866.63677308812,1902.4037693273965,galactic_gladiators_badge_of_ferocity,galactic_gladiators_insignia_of_alacrity
00_baseline_001,baseline,mage_arcane_spellslinger_13,56083.87665567728,56083.87665567736,Void Elf,Mage,Arcane,21.34617475422269,C4DAAAAAAAAAAAAAAAAAAAAAAYGmZZmZmFmZGaGzAAAwAAAAzMzssMzELAAsNmZmZmtFbzMmlZmZMmZmhNmZmxAAYAAAgZmZWAAYGAA,1,602.0,1237.0,107.0,519.0,50441.37772668171,62413.14004654529,1978.039498742016,galactic_gladiators_badge_of_ferocity,galactic_gladiators_insignia_of_alacrity
00_baseline_001,baseline,mage_arcane_spellslinger_14,54544.73188641896,54544.731886419,Void Elf,Mage,Arcane,23.58019002839956,C4DAAAAAAAAAAAAAAAAAAAAAAYGmZZmZmFmZGaGzAAAwAAAAzMzssMzELAAsNmZmZmtFbzMmlZmZMmZmhNmZmxAAYAAAgZmZ2AAYGAA,1,602.0,1237.0,107.0,519.0,48709.60381734549,61571.355246644125,2000.7349853032424,galactic_gladiators_badge_of_ferocity,galactic_gladiators_insignia_of_alacrity
00_baseline_001,baseline,mage_arcane_spellslinger_15,51710.78420233353,51710.78420233361,Void Elf,Mage,Arcane,21.09147163051352,C4DAAAAAAAAAAAAAAAAAAAAAAYGmZZmZmFmZGaGzAAAwAAAAzMzssMzELAAsNmZmZmtFbzMmtZmZMmZmhNmZmxAAYAAAgZmZWAAYGAA,1,602.0,1237.0,107.0,519.0,46956.16023234256,57862.7256122938,1785.1832918669593,galactic_gladiators_badge_of_ferocity,galactic_gladiators_insignia_of_alacrity
00_baseline_001,baseline,mage_arcane_spellslinger_49,55162.55863443532,55162.558634435394,Void Elf,Mage,Arcane,21.73258809272856,C4DAAAAAAAAAAAAAAAAAAAAAAYGmZZmZmFmZGaGzAAAwAAAAzMzssMzELAAsNmZmZmlNLzMmlxMjxMzMsxMzMmBAYAAAgZmZWAAYGAA,1,602.0,1237.0,107.0,519.0,49362.87710697436,61351.12875640606,2004.896921455261,galactic_gladiators_badge_of_ferocity,galactic_gladiators_insignia_of_alacrity
00_baseline_001,baseline,mage_arcane_spellslinger_16,50220.11109809774,50220.111098097776,Void Elf,Mage,Arcane,23.92491594560392,C4DAAAAAAAAAAAAAAAAAAAAAAYGmZZmZmFmZGaGzAAAwAAAAzMzssMzELAAsNmZmZmtFbzMmtZmZMmZmhNmZmxAAYAAAgZmZ2AAYGAA,1,602.0,1237.0,107.0,519.0,45055.94188597477,57071.06125398356,1877.75953208144,galactic_gladiators_badge_of_ferocity,galactic_gladiators_insignia_of_alacrity
00_baseline_001,baseline,mage_arcane_spellslinger_48,48950.02259687032,48950.02259687037,Void Elf,Mage,Arcane,20.45286723467138,C4DAAAAAAAAAAAAAAAAAAAAAAYGmZZmZmFmZGaGzAAAwAAAAzMzssMzELAAsNmZmZmtFbzMmtxMjxMzMsxMzMmBAYAAAgZmZ2AAYGAA,1,602.0,1237.0,107.0,519.0,43706.64399518019,53718.32712825971,1718.822430164909,galactic_gladiators_badge_of_ferocity,galactic_gladiators_insignia_of_alacrity
00_baseline_001,baseline,mage_arcane_spellslinger_17,55194.2212991244,55194.221299124496,Void Elf,Mage,Arcane,23.12357815031596,C4DAAAAAAAAAAAAAAAAAAAAAAYGmZZmZmFmZGaGzAAAwAAAAzMzssMzELAAsNmZmZmlNLzMmlZmZMmZmhNmZmxAAYAAAgZmZWAAYGAA,1,602.0,1237.0,107.0,519.0,48550.89270510329,61313.77160166465,2033.9692668372727,galactic_gladiators_badge_of_ferocity,galactic_gladiators_insignia_of_alacrity
00_baseline_001,baseline,mage_arcane_spellslinger_47,50594.5820378465,50594.582037846514,Void Elf,Mage,Arcane,22.17465078090603,C4DAAAAAAAAAAAAAAAAAAAAAAYGmZZmZmFmZGaGzAAAwAAAAzMzssMzELAAsNmZmZmtFbzMmtxMjxMzMsxMzMmBAYAAAgZmZWAAYGAA,1,602.0,1237.0,107.0,519.0,45330.24886512396,56549.42074607543,1852.6775181260325,galactic_gladiators_badge_of_ferocity,galactic_gladiators_insignia_of_alacrity
00_baseline_001,baseline,mage_arcane_spellslinger_18,54298.50136813798,54298.50136813804,Void Elf,Mage,Arcane,23.023070808280995,C4DAAAAAAAAAAAAAAAAAAAAAAYGmZZmZmFmZGaGzAAAwAAAAzMzssMzELAAsNmZmZmlNLzMmlZmZMmZmhNmZmxAAYAAAgZmZ2AAYGAA,1,602.0,1237.0,107.0,519.0,49391.55730586195,61892.73972368378,1990.6343243012864,galactic_gladiators_badge_of_ferocity,galactic_gladiators_insignia_of_alacrity
00_baseline_001,baseline,mage_arcane_spellslinger_46,54669.204485418966,54669.20448541899,Void Elf,Mage,Arcane,24.37430526661766,C4DAAAAAAAAAAAAAAAAAAAAAAYGmZZmZmFmZGaGzAAAwAAAAzMzssMzELAAsNmZmZmtFbzMmlxMjxMzMsxMzMmBAYAAAgZmZ2AAYGAA,1,602.0,1237.0,107.0,519.0,47728.783694702906,61054.02248281036,2101.4219299909,galactic_gladiators_badge_of_ferocity,galactic_gladiators_insignia_of_alacrity
00_baseline_001,baseline,mage_arcane_spellslinger_19,49833.42047411921,49833.42047411932,Void Elf,Mage,Arcane,25.030977319550985,C4DAAAAAAAAAAAAAAAAAAAAAAYGmZZmZmFmZGaGzAAAwAAAAzMzssMzELAAsNmZmZmlNLzMmtZmZMmZmhNmZmxAAYAAAgZmZWAAYGAA,1,602.0,1237.0,107.0,519.0,43313.47311736394,55787.2652937972,2000.5487401874936,galactic_gladiators_badge_of_ferocity,galactic_gladiators_insignia_of_alacrity
00_baseline_001,baseline,mage_arcane_spellslinger_51,48487.58505403723,48487.58505403732,Void Elf,Mage,Arcane,22.211368258289767,C4DAAAAAAAAAAAAAAAAAAAAAAYGmZZmZmFmZGaGzAAAwAAAAzMzssMzELAAsNmZmZmlNLzMmtxMjxMzMsxMzMmBAYAAAgZmZWAAYGAA,1,602.0,1237.0,107.0,519.0,43161.17708600138,53930.93316190506,1913.5614074757275,galactic_gladiators_badge_of_ferocity,galactic_gladiators_insignia_of_alacrity
00_baseline_001,baseline,mage_arcane_spellslinger_20,48450.36239320492,48450.36239320503,Void Elf,Mage,Arcane,22.062158668799057,C4DAAAAAAAAAAAAAAAAAAAAAAYGmZZmZmFmZGaGzAAAwAAAAzMzssMzELAAsNmZmZmlNLzMmtZmZMmZmhNmZmxAAYAAAgZmZ2AAYGAA,1,602.0,1237.0,107.0,519.0,43617.63233207775,54306.82815887476,1916.0594828448573,galactic_gladiators_badge_of_ferocity,galactic_gladiators_insignia_of_alacrity
00_baseline_001,baseline,mage_arcane_spellslinger_50,54211.07601263571,54211.07601263577,Void Elf,Mage,Arcane,21.85868604331772,C4DAAAAAAAAAAAAAAAAAAAAAAYGmZZmZmFmZGaGzAAAwAAAAzMzssMzELAAsNmZmZmlNLzMmlxMjxMzMsxMzMmBAYAAAgZmZ2AAYGAA,1,602.0,1237.0,107.0,519.0,48633.96288243636,60483.791788742725,2095.211593946913,galactic_gladiators_badge_of_ferocity,galactic_gladiators_insignia_of_alacrity
00_baseline_001,baseline,mage_arcane_spellslinger_21,56683.075555114585,56683.07555511469,Void Elf,Mage,Arcane,22.90962979454677,C4DAAAAAAAAAAAAAAAAAAAAAAYGmZZmZmFmZGaGzAAAwAAAAzMzssMzELAAsNmZmZmtNLzMmlZmZMmZmhNmZmxAAYAAAgZmZWAAYGAA,1,602.0,1237.0,107.0,519.0,50372.81868191382,63358.70144775381,1949.4759886355416,galactic_gladiators_badge_of_ferocity,galactic_gladiators_insignia_of_alacrity
00_baseline_001,baseline,mage_arcane_spellslinger_53,56648.818213727165,56648.81821372725,Void Elf,Mage,Arcane,25.63573614930113,C4DAAAAAAAAAAAAAAAAAAAAAAYGmZZmZmFmZGaGzAAAwAAAAzMzssMzELAAsNmZmZmtNLzMmlxMjxMzMsxMzMmBAYAAAgZmZWAAYGAA,1,602.0,1237.0,107.0,519.0,49388.23567102924,63910.577239997576,2080.1929528470155,galactic_gladiators_badge_of_ferocity,galactic_gladiators_insignia_of_alacrity
00_baseline_001,baseline,mage_arcane_spellslinger_22,55641.01301853707,55641.01301853711,Void Elf,Mage,Arcane,21.951927358930785,C4DAAAAAAAAAAAAAAAAAAAAAAYGmZZmZmFmZGaGzAAAwAAAAzMzssMzELAAsNmZmZmtNLzMmlZmZMmZmhNmZmxAAYAAAgZmZ2AAYGAA,1,602.0,1237.0,107.0,519.0,50587.05479844652,62801.329558048994,1984.3679217830984,galactic_gladiators_badge_of_ferocity,galactic_gladiators_insignia_of_alacrity
00_baseline_001,baseline,mage_arcane_spellslinger_52,47102.83191041451,47102.83191041464,Void Elf,Mage,Arcane,24.30066430093271,C4DAAAAAAAAAAAAAAAAAAAAAAYGmZZmZmFmZGaGzAAAwAAAAzMzssMzELAAsNmZmZmlNLzMmtxMjxMzMsxMzMmBAYAAAgZmZ2AAYGAA,1,602.0,1237.0,107.0,519.0,41623.37477154832,53069.67583033076,1834.378846972012,galactic_gladiators_badge_of_ferocity,galactic_gladiators_insignia_of_alacrity
00_baseline_001,baseline,mage_arcane_spellslinger_23,50377.32221259167,50377.32221259177,Void Elf,Mage,Arcane,21.52428366019728,C4DAAAAAAAAAAAAAAAAAAAAAAYGmZZmZmFmZGaGzAAAwAAAAzMzssMzELAAsNmZmZmtNLzMmtZmZMmZmhNmZmxAAYAAAgZmZWAAYGAA,1,602.0,1237.0,107.0,519.0,45228.58418738473,56071.941920834535,1921.0576505781385,galactic_gladiators_badge_of_ferocity,galactic_gladiators_insignia_of_alacrity
00_baseline_001,baseline,mage_arcane_spellslinger_55,49006.03592943112,49006.03592943121,Void Elf,Mage,Arcane,20.608476865768967,C4DAAAAAAAAAAAAAAAAAAAAAAYGmZZmZmFmZGaGzAAAwAAAAzMzssMzELAAsNmZmZmtNLzMmtxMjxMzMsxMzMmBAYAAAgZmZWAAYGAA,1,602.0,1237.0,107.0,519.0,43966.880151377176,54066.27772872442,1794.779551050014,galactic_gladiators_badge_of_ferocity,galactic_gladiators_insignia_of_alacrity
00_baseline_001,baseline,mage_arcane_spellslinger_24,49092.101041706745,49092.10104170678,Void Elf,Mage,Arcane,20.582749710439483,C4DAAAAAAAAAAAAAAAAAAAAAAYGmZZmZmFmZGaGzAAAwAAAAzMzssMzELAAsNmZmZmtNLzMmtZmZMmZmhNmZmxAAYAAAgZmZ2AAYGAA,1,602.0,1237.0,107.0,519.0,44062.334091951605,54166.83837696216,1718.3798741176415,galactic_gladiators_badge_of_ferocity,galactic_gladiators_insignia_of_alacrity
00_baseline_001,baseline,mage_arcane_spellslinger_54,55650.16740362279,55650.1674036228,Void Elf,Mage,Arcane,24.419830484105244,C4DAAAAAAAAAAAAAAAAAAAAAAYGmZZmZmFmZGaGzAAAwAAAAzMzssMzELAAsNmZmZmtNLzMmlxMjxMzMsxMzMmBAYAAAgZmZ2AAYGAA,1,602.0,1237.0,107.0,519.0,49529.82835192466,63119.50489601014,2130.209996920052,galactic_gladiators_badge_of_ferocity,galactic_gladiators_insignia_of_alacrity
00_baseline_001,baseline,mage_arcane_spellslinger_25,54594.81825836807,54594.81825836812,Void Elf,Mage,Arcane,23.29736314590396,C4DAAAAAAAAAAAAAAAAAAAAAAYGmZZmZmFmZGaGzAAAwAAAAzMzssMzELAAsNmZmZmlNbzMmlZmZMmZmhNmZmxAAYAAAgZmZWAAYGAA,1,602.0,1237.0,107.0,519.0,49080.94019147704,61800.09325997532,2059.1575417627355,galactic_gladiators_badge_of_ferocity,galactic_gladiators_insignia_of_alacrity
00_baseline_001,baseline,mage_arcane_spellslinger_57,54473.30536559291,54473.305365592925,Void Elf,Mage,Arcane,23.566987188158297,C4DAAAAAAAAAAAAAAAAAAAAAAYGmZZmZmFmZGaGzAAAwAAAAzMzssMzELAAsNmZmZmlNbzMmlxMjxMzMsxMzMmBAYAAAgZmZWAAYGAA,1,602.0,1237.0,107.0,519.0,48460.17529633053,61297.89219280616,2114.149344168945,galactic_gladiators_badge_of_ferocity,galactic_gladiators_insignia_of_alacrity
00_baseline_001,baseline,mage_arcane_spellslinger_26,52958.24180389363,52958.24180389364,Void Elf,Mage,Arcane,28.523144048835785,C4DAAAAAAAAAAAAAAAAAAAAAAYGmZZmZmFmZGaGzAAAwAAAAzMzssMzELAAsNmZmZmlNbzMmlZmZMmZmhNmZmxAAYAAAgZmZ2AAYGAA,1,602.0,1237.0,107.0,519.0,46364.76622278202,61470.12181823737,2150.4049835484225,galactic_gladiators_badge_of_ferocity,galactic_gladiators_insignia_of_alacrity
00_baseline_001,baseline,mage_arcane_spellslinger_56,47581.76917985157,47581.76917985161,Void Elf,Mage,Arcane,21.717070235744043,C4DAAAAAAAAAAAAAAAAAAAAAAYGmZZmZmFmZGaGzAAAwAAAAzMzssMzELAAsNmZmZmtNLzMmtxMjxMzMsxMzMmBAYAAAgZmZ2AAYGAA,1,602.0,1237.0,107.0,519.0,42463.02147345852,52796.387705656496,1737.7459666054524,galactic_gladiators_badge_of_ferocity,galactic_gladiators_insignia_of_alacrity
00_baseline_001,baseline,mage_arcane_spellslinger_27,50791.73347474757,50791.733474747605,Void Elf,Mage,Arcane,20.924518196591716,C4DAAAAAAAAAAAAAAAAAAAAAAYGmZZmZmFmZGaGzAAAwAAAAzMzssMzELAAsNmZmZmlNbzMmtZmZMmZmhNmZmxAAYAAAgZmZWAAYGAA,1,602.0,1237.0,107.0,519.0,45398.06043164217,56025.985944930086,1935.7216342415188,galactic_gladiators_badge_of_ferocity,galactic_gladiators_insignia_of_alacrity
00_baseline_001,baseline,mage_arcane_spellslinger_59,49846.36509518296,49846.36509518304,Void Elf,Mage,Arcane,21.718386053555214,C4DAAAAAAAAAAAAAAAAAAAAAAYGmZZmZmFmZGaGzAAAwAAAAzMzssMzELAAsNmZmZmlNbzMmtxMjxMzMsxMzMmBAYAAAgZmZWAAYGAA,1,602.0,1237.0,107.0,519.0,43909.12893305437,54734.95493809081,1944.00026862174,galactic_gladiators_badge_of_ferocity,galactic_gladiators_insignia_of_alacrity
00_baseline_001,baseline,mage_arcane_spellslinger_28,49017.98554600534,49017.98554600539,Void Elf,Mage,Arcane,21.486680054396167,C4DAAAAAAAAAAAAAAAAAAAAAAYGmZZmZmFmZGaGzAAAwAAAAzMzssMzELAAsNmZmZmlNbzMmtZmZMmZmhNmZmxAAYAAAgZmZ2AAYGAA,1,602.0,1237.0,107.0,519.0,44160.55461287308,54692.89233625341,1823.6629918285464,galactic_gladiators_badge_of_ferocity,galactic_gladiators_insignia_of_alacrity
00_baseline_001,baseline,mage_arcane_spellslinger_58,53076.02461020242,53076.02461020246,Void Elf,Mage,Arcane,26.14437697674709,C4DAAAAAAAAAAAAAAAAAAAAAAYGmZZmZmFmZGaGzAAAwAAAAzMzssMzELAAsNmZmZmlNbzMmlxMjxMzMsxMzMmBAYAAAgZmZ2AAYGAA,1,602.0,1237.0,107.0,519.0,47076.47201910384,60952.86797746622,2124.4275715626086,galactic_gladiators_badge_of_ferocity,galactic_gladiators_insignia_of_alacrity
00_baseline_001,baseline,mage_arcane_spellslinger_29,56050.33644570007,56050.33644570011,Void Elf,Mage,Arcane,21.793858508576296,C4DAAAAAAAAAAAAAAAAAAAAAAYGmZZmZmFmZGaGzAAAwAAAAzMzssMzELAAsNmZmZmtNbzMmlZmZMmZmhNmZmxAAYAAAgZmZWAAYGAA,1,602.0,1237.0,107.0,519.0,50437.75880024316,62653.2898188,2017.7494587978656,galactic_gladiators_badge_of_ferocity,galactic_gladiators_insignia_of_alacrity
00_baseline_001,baseline,mage_arcane_spellslinger_62,54670.1475174544,54670.147517454425,Void Elf,Mage,Arcane,25.50740178337937,C4DAAAAAAAAAAAAAAAAAAAAAAYGmZZmZmFmZGaGzAAAwAAAAzMzssMzELAAsNmZmZmtNbzMmlxMjxMzMsxMzMmBAYAAAgZmZ2AAYGAA,1,602.0,1237.0,107.0,519.0,47858.46047537919,61803.39465822248,2137.5086112959398,galactic_gladiators_badge_of_ferocity,galactic_gladiators_insignia_of_alacrity
00_baseline_001,baseline,mage_arcane_spellslinger_31,51699.66491790653,51699.66491790656,Void Elf,Mage,Arcane,23.189236653895517,C4DAAAAAAAAAAAAAAAAAAAAAAYGmZZmZmFmZGaGzAAAwAAAAzMzssMzELAAsNmZmZmtNbzMmtZmZMmZmhNmZmxAAYAAAgZmZWAAYGAA,1,602.0,1237.0,107.0,519.0,45857.20048451996,57845.958131604304,1976.78024326984,galactic_gladiators_badge_of_ferocity,galactic_gladiators_insignia_of_alacrity
00_baseline_001,baseline,mage_arcane_spellslinger_40,48003.69609042078,48003.69609042083,Void Elf,Mage,Arcane,21.32945386497962,C4DAAAAAAAAAAAAAAAAAAAAAAYGmZZmZmFmZGaGzAAAwAAAAzMzssMzELAAsNmZmZmtFLzMmtxMjxMzMsxMzMmBAYAAAgZmZ2AAYGAA,1,602.0,1237.0,107.0,519.0,43571.14301876839,53810.06922985971,1655.6660443266394,galactic_gladiators_badge_of_ferocity,galactic_gladiators_insignia_of_alacrity
00_baseline_001,baseline,mage_arcane_spellslinger_41,54688.11365978788,54688.11365978793,Void Elf,Mage,Arcane,24.484001038336373,C4DAAAAAAAAAAAAAAAAAAAAAAYGmZZmZmFmZGaGzAAAwAAAAzMzssMzELAAsNmZmZmlFbzMmlxMjxMzMsxMzMmBAYAAAgZmZWAAYGAA,1,602.0,1237.0,107.0,519.0,49047.26930788485,62437.10762419389,2116.938459644954,galactic_gladiators_badge_of_ferocity,galactic_gladiators_insignia_of_alacrity
00_baseline_001,baseline,mage_arcane_spellslinger_42,53305.758429738125,53305.75842973817,Void Elf,Mage,Arcane,29.072946456624106,C4DAAAAAAAAAAAAAAAAAAAAAAYGmZZmZmFmZGaGzAAAwAAAAzMzssMzELAAsNmZmZmlFbzMmlxMjxMzMsxMzMmBAYAAAgZmZ2AAYGAA,1,602.0,1237.0,107.0,519.0,46488.98040997481,61986.53501654996,2144.4633670391627,galactic_gladiators_badge_of_ferocity,galactic_gladiators_insignia_of_alacrity
00_baseline_001,baseline,mage_arcane_spellslinger_43,49975.41477802814,49975.414778028215,Void Elf,Mage,Arcane,22.345829180644955,C4DAAAAAAAAAAAAAAAAAAAAAAYGmZZmZmFmZGaGzAAAwAAAAzMzssMzELAAsNmZmZmlFbzMmtxMjxMzMsxMzMmBAYAAAgZmZWAAYGAA,1,602.0,1237.0,107.0,519.0,45012.80455849179,56180.22537710876,1932.8799244122133,galactic_gladiators_badge_of_ferocity,galactic_gladiators_insignia_of_alacrity
00_baseline_001,baseline,mage_arcane_spellslinger_44,48187.43534339,48187.43534339004,Void Elf,Mage,Arcane,19.7924292997778,C4DAAAAAAAAAAAAAAAAAAAAAAYGmZZmZmFmZGaGzAAAwAAAAzMzssMzELAAsNmZmZmlFbzMmtxMjxMzMsxMzMmBAYAAAgZmZ2AAYGAA,1,602.0,1237.0,107.0,519.0,43854.16625136756,53391.630323084166,1844.5481015575804,galactic_gladiators_badge_of_ferocity,galactic_gladiators_insignia_of_alacrity
00_baseline_001,baseline,mage_arcane_spellslinger_45,56069.18087488152,56069.18087488154,Void Elf,Mage,Arcane,25.34672572215142,C4DAAAAAAAAAAAAAAAAAAAAAAYGmZZmZmFmZGaGzAAAwAAAAzMzssMzELAAsNmZmZmtFbzMmlxMjxMzMsxMzMmBAYAAAgZmZWAAYGAA,1,602.0,1237.0,107.0,519.0,50065.54066732637,64277.24215833956,2093.8579735854605,galactic_gladiators_badge_of_ferocity,galactic_gladiators_insignia_of_alacrity
00_baseline_001,baseline,mage_arcane_spellslinger_65,55162.547020260485,55162.54702026052,Void Elf,Mage,Arcane,20.72249170041631,C4DAAAAAAAAAAAAAAAAAAAAAAYGmZZmZmFmZGaGzAAAwAAAAzMzssMzELAAsxMzMzssYZmxsMzMjxMzMsxMzMmBAYAAAgZmZWAAYGAA,1,602.0,1237.0,107.0,519.0,50054.607500778366,61485.66172879009,2059.0200026034017,galactic_gladiators_badge_of_ferocity,galactic_gladiators_insignia_of_alacrity
00_baseline_001,baseline,mage_arcane_spellslinger_66,54092.0237726167,54092.023772616696,Void Elf,Mage,Arcane,28.40114115525004,C4DAAAAAAAAAAAAAAAAAAAAAAYGmZZmZmFmZGaGzAAAwAAAAzMzssMzELAAsxMzMzssYZmxsMzMjxMzMsxMzMmBAYAAAgZmZ2AAYGAA,1,602.0,1237.0,107.0,519.0,45574.41142654294,60937.163451935216,2180.999627025713,galactic_gladiators_badge_of_ferocity,galactic_gladiators_insignia_of_alacrity
00_baseline_001,baseline,mage_arcane_spellslinger_67,46449.1300344636,46449.13003446368,Void Elf,Mage,Arcane,19.188697860889302,C4DAAAAAAAAAAAAAAAAAAAAAAYGmZZmZmFmZGaGzAAAwAAAAzMzssMzELAAsxMzMzssYZmxsNzMjxMzMsxMzMmBAYAAAgZmZWAAYGAA,1,602.0,1237.0,107.0,519.0,41989.21383404332,50902.19705536813,1617.0235924568706,galactic_gladiators_badge_of_ferocity,galactic_gladiators_insignia_of_alacrity
00_baseline_001,baseline,mage_arcane_spellslinger_68,45458.89677088889,45458.89677088897,Void Elf,Mage,Arcane,21.19766964976349,C4DAAAAAAAAAAAAAAAAAAAAAAYGmZZmZmFmZGaGzAAAwAAAAzMzssMzELAAsxMzMzssYZmxsNzMjxMzMsxMzMmBAYAAAgZmZ2AAYGAA,1,602.0,1237.0,107.0,519.0,40665.251851893925,50301.478615813954,1614.78874133261,galactic_gladiators_badge_of_ferocity,galactic_gladiators_insignia_of_alacrity
00_baseline_001,baseline,mage_arcane_spellslinger_69,56209.05951371075,56209.05951371076,Void Elf,Mage,Arcane,18.88779081180652,C4DAAAAAAAAAAAAAAAAAAAAAAYGmZZmZmFmZGaGzAAAwAAAAzMzssMzELAAsxMzMzstYZmxsMzMjxMzMsxMzMmBAYAAAgZmZWAAYGAA,1,602.0,1237.0,107.0,519.0,51474.04096231513,62090.69054054865,1969.2865688823515,galactic_gladiators_badge_of_ferocity,galactic_gladiators_insignia_of_alacrity
00_baseline_001,baseline,mage_arcane_spellslinger_70,55041.49170057638,55041.49170057639,Void Elf,Mage,Arcane,20.18665891087136,C4DAAAAAAAAAAAAAAAAAAAAAAYGmZZmZmFmZGaGzAAAwAAAAzMzssMzELAAsxMzMzstYZmxsMzMjxMzMsxMzMmBAYAAAgZmZ2AAYGAA,1,602.0,1237.0,107.0,519.0,49304.98207731262,60416.02026636354,2049.8990570262786,galactic_gladiators_badge_of_ferocity,galactic_gladiators_insignia_of_alacrity
00_baseline_001,baseline,mage_arcane_spellslinger_71,46957.52562769205,46957.52562769209,Void Elf,Mage,Arcane,19.985535637255268,C4DAAAAAAAAAAAAAAAAAAAAAAYGmZZmZmFmZGaGzAAAwAAAAzMzssMzELAAsxMzMzstYZmxsNzMjxMzMsxMzMmBAYAAAgZmZWAAYGAA,1,602.0,1237.0,107.0,519.0,42883.88077355102,52268.59379224669,1534.803357937077,galactic_gladiators_badge_of_ferocity,galactic_gladiators_insignia_of_alacrity
00_baseline_001,baseline,mage_arcane_spellslinger_72,45731.15806292731,45731.15806292738,Void Elf,Mage,Arcane,19.413094058572277,C4DAAAAAAAAAAAAAAAAAAAAAAYGmZZmZmFmZGaGzAAAwAAAAzMzssMzELAAsxMzMzstYZmxsNzMjxMzMsxMzMmBAYAAAgZmZ2AAYGAA,1,602.0,1237.0,107.0,519.0,41505.90140988136,50383.7341387118,1479.27566018944,galactic_gladiators_badge_of_ferocity,galactic_gladiators_insignia_of_alacrity
00_baseline_001,baseline,mage_arcane_spellslinger_73,54921.963220561534,54921.96322056152,Void Elf,Mage,Arcane,24.95663875040057,C4DAAAAAAAAAAAAAAAAAAAAAAYGmZZmZmFmZGaGzAAAwAAAAzMzssMzELAAsxMzMzssYbmxsMzMjxMzMsxMzMmBAYAAAgZmZWAAYGAA,1,602.0,1237.0,107.0,519.0,48933.873123843616,62640.54907942702,2001.7869329797093,galactic_gladiators_badge_of_ferocity,galactic_gladiators_insignia_of_alacrity
00_baseline_001,baseline,mage_arcane_spellslinger_76,45692.32360111844,45692.32360111843,Void Elf,Mage,Arcane,24.048992291257203,C4DAAAAAAAAAAAAAAAAAAAAAAYGmZZmZmFmZGaGzAAAwAAAAzMzssMzELAAsxMzMzssYbmxsNzMjxMzMsxMzMmBAYAAAgZmZ2AAYGAA,1,602.0,1237.0,107.0,519.0,39674.00932023899,50662.55270076826,1631.4209243987718,galactic_gladiators_badge_of_ferocity,galactic_gladiators_insignia_of_alacrity
00_baseline_001,baseline,mage_arcane_spellslinger_77,56023.55901708373,56023.55901708376,Void Elf,Mage,Arcane,20.955377112487188,C4DAAAAAAAAAAAAAAAAAAAAAAYGmZZmZmFmZGaGzAAAwAAAAzMzssMzELAAsxMzMzstYbmxsMzMjxMzMsxMzMmBAYAAAgZmZWAAYGAA,1,602.0,1237.0,107.0,519.0,50608.47109203942,62348.41915590614,2087.5267543803266,galactic_gladiators_badge_of_ferocity,galactic_gladiators_insignia_of_alacrity
00_baseline_001,baseline,mage_arcane_spellslinger_80,46222.51067972397,46222.510679724,Void Elf,Mage,Arcane,22.891414070144663,C4DAAAAAAAAAAAAAAAAAAAAAAYGmZZmZmFmZGaGzAAAwAAAAzMzssMzELAAsxMzMzstYbmxsNzMjxMzMsxMzMmBAYAAAgZmZ2AAYGAA,1,602.0,1237.0,107.0,519.0,41749.67511699918,52330.66143031163,1498.4537001345404,galactic_gladiators_badge_of_ferocity,galactic_gladiators_insignia_of_alacrity
00_baseline_001,baseline,mage_arcane_spellslinger_81,54929.09693520281,54929.096935202855,Void Elf,Mage,Arcane,24.803496196567995,C4DAAAAAAAAAAAAAAAAAAAAAAYGmZZmZmFmZGaGzAAAwAAAAzMzssMzELAAsxMzMzssZZmxsMzMjxMzMsxMzMmBAYAAAgZmZWAAYGAA,1,602.0,1237.0,107.0,519.0,48208.746232419086,61833.08270155126,2214.4708173596964,galactic_gladiators_badge_of_ferocity,galactic_gladiators_insignia_of_alacrity
00_baseline_001,baseline,mage_arcane_spellslinger_82,53893.035404548216,53893.03540454826,Void Elf,Mage,Arcane,30.385499903807798,C4DAAAAAAAAAAAAAAAAAAAAAAYGmZZmZmFmZGaGzAAAwAAAAzMzssMzELAAsxMzMzssZZmxsMzMjxMzMsxMzMmBAYAAAgZmZ2AAYGAA,1,602.0,1237.0,107.0,519.0,43827.86379913581,60203.53202014391,2178.198565886741,galactic_gladiators_badge_of_ferocity,galactic_gladiators_insignia_of_alacrity
00_baseline_001,baseline,mage_arcane_spellslinger_83,46209.9522020126,46209.95220201266,Void Elf,Mage,Arcane,21.194474196732376,C4DAAAAAAAAAAAAAAAAAAAAAAYGmZZmZmFmZGaGzAAAwAAAAzMzssMzELAAsxMzMzssZZmxsNzMjxMzMsxMzMmBAYAAAgZmZWAAYGAA,1,602.0,1237.0,107.0,519.0,40759.09291149865,50553.049307276575,1644.453443657851,galactic_gladiators_badge_of_ferocity,galactic_gladiators_insignia_of_alacrity
00_baseline_001,baseline,mage_arcane_spellslinger_84,44997.08142086818,44997.08142086826,Void Elf,Mage,Arcane,20.752800305047963,C4DAAAAAAAAAAAAAAAAAAAAAAYGmZZmZmFmZGaGzAAAwAAAAzMzssMzELAAsxMzMzssZZmxsNzMjxMzMsxMzMmBAYAAAgZmZ2AAYGAA,1,602.0,1237.0,107.0,519.0,40800.73379985067,50138.88825022328,1664.7436662619766,galactic_gladiators_badge_of_ferocity,galactic_gladiators_insignia_of_alacrity
00_baseline_001,baseline,mage_arcane_spellslinger_85,56316.22121745927,56316.22121745927,Void Elf,Mage,Arcane,23.25746624717074,C4DAAAAAAAAAAAAAAAAAAAAAAYGmZZmZmFmZGaGzAAAwAAAAzMzssMzELAAsxMzMzstZZmxsMzMjxMzMsxMzMmBAYAAAgZmZWAAYGAA,1,602.0,1237.0,107.0,519.0,51365.70023180845,64463.42637314105,1963.5173799901008,galactic_gladiators_badge_of_ferocity,galactic_gladiators_insignia_of_alacrity
00_baseline_001,baseline,mage_arcane_spellslinger_86,54999.85513719379,54999.85513719379,Void Elf,Mage,Arcane,21.23793746076772,C4DAAAAAAAAAAAAAAAAAAAAAAYGmZZmZmFmZGaGzAAAwAAAAzMzssMzELAAsxMzMzstZZmxsMzMjxMzMsxMzMmBAYAAAgZmZ2AAYGAA,1,602.0,1237.0,107.0,519.0,49108.54402076633,60789.378858316384,2028.0846482883817,galactic_gladiators_badge_of_ferocity,galactic_gladiators_insignia_of_alacrity
00_baseline_001,baseline,mage_arcane_spellslinger_87,46575.58141736637,46575.581417366455,Void Elf,Mage,Arcane,18.121815613476212,C4DAAAAAAAAAAAAAAAAAAAAAAYGmZZmZmFmZGaGzAAAwAAAAzMzssMzELAAsxMzMzstZZmxsNzMjxMzMsxMzMmBAYAAAgZmZWAAYGAA,1,602.0,1237.0,107.0,519.0,42591.4292483199,51031.77023367953,1539.5449942655753,galactic_gladiators_badge_of_ferocity,galactic_gladiators_insignia_of_alacrity
00_baseline_001,baseline,mage_arcane_spellslinger_88,45528.87671876731,45528.87671876732,Void Elf,Mage,Arcane,21.99093626106208,C4DAAAAAAAAAAAAAAAAAAAAAAYGmZZmZmFmZGaGzAAAwAAAAzMzssMzELAAsxMzMzstZZmxsNzMjxMzMsxMzMmBAYAAAgZmZ2AAYGAA,1,602.0,1237.0,107.0,519.0,40939.84798087988,50952.07424048153,1535.659916729923,galactic_gladiators_badge_of_ferocity,galactic_gladiators_insignia_of_alacrity
01_baseline_001,baseline,baseline,57766.952942329306,57766.952942329306,Void Elf,Mage,Arcane,20.96306692463644,C4DAAAAAAAAAAAAAAAAAAAAAAYGmZZmZmFmZGaGzAAAwAAgAmZmZZZmJWAAYbmZmZmZbx2MzMLjxYMzMGbMzMjBAwAAAAzMzsAAwMAA,1,602.0,1237.0,107.0,519.0,51112.76284032477,63222.4878459485,2017.089617054796,galactic_gladiators_badge_of_ferocity,galactic_gladiators_insignia_of_alacrity
01_baseline_001,baseline,mage_arcane_spellslinger_63,50575.67988480013,50575.67988480017,Void Elf,Mage,Arcane,22.62807754645318,C4DAAAAAAAAAAAAAAAAAAAAAAYGmZZmZmFmZGaGzAAAwAAAAzMzssMzELAAsNmZmZmtNbzMmtxMjxMzMsxMzMmBAYAAAgZmZWAAYGAA,1,602.0,1237.0,107.0,519.0,45141.77051087802,56586.07457485652,1926.316456160148,galactic_gladiators_badge_of_ferocity,galactic_gladiators_insignia_of_alacrity
01_baseline_001,baseline,mage_arcane_spellslinger_30,54713.642959007695,54713.64295900774,Void Elf,Mage,Arcane,21.253346296852165,C4DAAAAAAAAAAAAAAAAAAAAAAYGmZZmZmFmZGaGzAAAwAAAAzMzssMzELAAsNmZmZmtNbzMmlZmZMmZmhNmZmxAAYAAAgZmZ2AAYGAA,1,602.0,1237.0,107.0,519.0,49681.85237823932,61310.33238794049,2071.334596066502,galactic_gladiators_badge_of_ferocity,galactic_gladiators_insignia_of_alacrity
01_baseline_001,baseline,mage_arcane_spellslinger_1,55364.18650724212,55364.186507242215,Void Elf,Mage,Arcane,22.32916108141628,C4DAAAAAAAAAAAAAAAAAAAAAAYGmZZmZmFmZGaGzAAAwAAAAzMzssMzELAAsNmZmZmlFLzMmlZmZMmZmhNmZmxAAYAAAgZmZWAAYGAA,1,602.0,1237.0,107.0,519.0,49988.92738380384,62351.28577042167,2031.6360357452672,galactic_gladiators_badge_of_ferocity,galactic_gladiators_insignia_of_alacrity
01_baseline_001,baseline,mage_arcane_spellslinger_60,47928.92263976162,47928.92263976165,Void Elf,Mage,Arcane,24.24360176423539,C4DAAAAAAAAAAAAAAAAAAAAAAYGmZZmZmFmZGaGzAAAwAAAAzMzssMzELAAsNmZmZmlNbzMmtxMjxMzMsxMzMmBAYAAAgZmZ2AAYGAA,1,602.0,1237.0,107.0,519.0,41909.97943276475,53529.67656743701,1960.828454001767,galactic_gladiators_badge_of_ferocity,galactic_gladiators_insignia_of_alacrity
01_baseline_001,baseline,mage_arcane_spellslinger_33,55244.71715416152,55244.7171541616,Void Elf,Mage,Arcane,23.111320766361175,C4DAAAAAAAAAAAAAAAAAAAAAAYGmZZmZmFmZGaGzAAAwAAAAzMzssMzELAAsNmZmZmlFLzMmlxMjxMzMsxMzMmBAYAAAgZmZWAAYGAA,1,602.0,1237.0,107.0,519.0,49178.0179892986,61945.80177726583,2009.6949392658848,galactic_gladiators_badge_of_ferocity,galactic_gladiators_insignia_of_alacrity
01_baseline_001,baseline,mage_arcane_spellslinger_2,54214.60810757713,54214.6081075772,Void Elf,Mage,Arcane,24.53939566442701,C4DAAAAAAAAAAAAAAAAAAAAAAYGmZZmZmFmZGaGzAAAwAAAAzMzssMzELAAsNmZmZmlFLzMmlZmZMmZmhNmZmxAAYAAAgZmZ2AAYGAA,1,602.0,1237.0,107.0,519.0,47626.23759741566,60930.174788852535,2131.0645519610493,galactic_gladiators_badge_of_ferocity,galactic_gladiators_insignia_of_alacrity
01_baseline_001,baseline,mage_arcane_spellslinger_61,56046.32736545944,56046.327365459445,Void Elf,Mage,Arcane,22.99511030668829,C4DAAAAAAAAAAAAAAAAAAAAAAYGmZZmZmFmZGaGzAAAwAAAAzMzssMzELAAsNmZmZmtNbzMmlxMjxMzMsxMzMmBAYAAAgZmZWAAYGAA,1,602.0,1237.0,107.0,519.0,49656.638615027965,62544.55341556299,2196.145998572489,galactic_gladiators_badge_of_ferocity,galactic_gladiators_insignia_of_alacrity
01_baseline_001,baseline,mage_arcane_spellslinger_32,49873.82691079681,49873.82691079681,Void Elf,Mage,Arcane,20.674946559197203,C4DAAAAAAAAAAAAAAAAAAAAAAYGmZZmZmFmZGaGzAAAwAAAAzMzssMzELAAsNmZmZmtNbzMmtZmZMmZmhNmZmxAAYAAAgZmZ2AAYGAA,1,602.0,1237.0,107.0,519.0,45278.716821544906,55590.10388237866,1696.7324761461748,galactic_gladiators_badge_of_ferocity,galactic_gladiators_insignia_of_alacrity
01_baseline_001,baseline,mage_arcane_spellslinger_3,50016.55599922134,50016.55599922142,Void Elf,Mage,Arcane,23.261077872845977,C4DAAAAAAAAAAAAAAAAAAAAAAYGmZZmZmFmZGaGzAAAwAAAAzMzssMzELAAsNmZmZmlFLzMmtZmZMmZmhNmZmxAAYAAAgZmZWAAYGAA,1,602.0,1237.0,107.0,519.0,43671.68510497787,55306.07514527236,1905.163066834444,galactic_gladiators_badge_of_ferocity,galactic_gladiators_insignia_of_alacrity
01_baseline_001,baseline,mage_arcane_spellslinger_35,48649.30971317384,48649.30971317391,Void Elf,Mage,Arcane,24.49455597902827,C4DAAAAAAAAAAAAAAAAAAAAAAYGmZZmZmFmZGaGzAAAwAAAAzMzssMzELAAsNmZmZmlFLzMmtxMjxMzMsxMzMmBAYAAAgZmZWAAYGAA,1,602.0,1237.0,107.0,519.0,43094.84523469661,55011.27763580081,1881.7704012139056,galactic_gladiators_badge_of_ferocity,galactic_gladiators_insignia_of_alacrity
01_baseline_001,baseline,mage_arcane_spellslinger_79,47726.00928775298,47726.00928775303,Void Elf,Mage,Arcane,20.826925945792595,C4DAAAAAAAAAAAAAAAAAAAAAAYGmZZmZmFmZGaGzAAAwAAAAzMzssMzELAAsxMzMzstYbmxsNzMjxMzMsxMzMmBAYAAAgZmZWAAYGAA,1,602.0,1237.0,107.0,519.0,43158.37480148087,53098.23541272328,1711.2725310259018,galactic_gladiators_badge_of_ferocity,galactic_gladiators_insignia_of_alacrity
01_baseline_001,baseline,mage_arcane_spellslinger_4,48728.67954457844,48728.67954457851,Void Elf,Mage,Arcane,23.39373898861084,C4DAAAAAAAAAAAAAAAAAAAAAAYGmZZmZmFmZGaGzAAAwAAAAzMzssMzELAAsNmZmZmlFLzMmtZmZMmZmhNmZmxAAYAAAgZmZ2AAYGAA,1,602.0,1237.0,107.0,519.0,43232.67169213233,54632.131797387614,1848.1646728031933,galactic_gladiators_badge_of_ferocity,galactic_gladiators_insignia_of_alacrity
01_baseline_001,baseline,mage_arcane_spellslinger_34,54286.81356131809,54286.813561318144,Void Elf,Mage,Arcane,24.390786517738896,C4DAAAAAAAAAAAAAAAAAAAAAAYGmZZmZmFmZGaGzAAAwAAAAzMzssMzELAAsNmZmZmlFLzMmlxMjxMzMsxMzMmBAYAAAgZmZ2AAYGAA,1,602.0,1237.0,107.0,519.0,46962.917801012525,60203.89860403655,2033.5135842585069,galactic_gladiators_badge_of_ferocity,galactic_gladiators_insignia_of_alacrity
01_baseline_001,baseline,mage_arcane_spellslinger_78,54521.57900942098,54521.57900942098,Void Elf,Mage,Arcane,23.50022350003885,C4DAAAAAAAAAAAAAAAAAAAAAAYGmZZmZmFmZGaGzAAAwAAAAzMzssMzELAAsxMzMzstYbmxsMzMjxMzMsxMzMmBAYAAAgZmZ2AAYGAA,1,602.0,1237.0,107.0,519.0,48597.26001252164,61409.95293548584,2009.9028779684156,galactic_gladiators_badge_of_ferocity,galactic_gladiators_insignia_of_alacrity
01_baseline_001,baseline,mage_arcane_spellslinger_5,56574.57295618897,56574.57295618904,Void Elf,Mage,Arcane,21.59388339345683,C4DAAAAAAAAAAAAAAAAAAAAAAYGmZZmZmFmZGaGzAAAwAAAAzMzssMzELAAsNmZmZmtFLzMmlZmZMmZmhNmZmxAAYAAAgZmZWAAYGAA,1,602.0,1237.0,107.0,519.0,51335.864138245335,63552.51145275094,2036.492847809097,galactic_gladiators_badge_of_ferocity,galactic_gladiators_insignia_of_alacrity
01_baseline_001,baseline,mage_arcane_spellslinger_64,48787.65659262652,48787.656592626576,Void Elf,Mage,Arcane,22.87559770256749,C4DAAAAAAAAAAAAAAAAAAAAAAYGmZZmZmFmZGaGzAAAwAAAAzMzssMzELAAsNmZmZmtNbzMmtxMjxMzMsxMzMmBAYAAAgZmZ2AAYGAA,1,602.0,1237.0,107.0,519.0,42924.62313179975,54085.09118243914,1766.7672501361876,galactic_gladiators_badge_of_ferocity,galactic_gladiators_insignia_of_alacrity
01_baseline_001,baseline,mage_arcane_spellslinger_37,56594.035198301885,56594.03519830195,Void Elf,Mage,Arcane,19.23310531392165,C4DAAAAAAAAAAAAAAAAAAAAAAYGmZZmZmFmZGaGzAAAwAAAAzMzssMzELAAsNmZmZmtFLzMmlxMjxMzMsxMzMmBAYAAAgZmZWAAYGAA,1,602.0,1237.0,107.0,519.0,50929.06008585484,61813.85047694213,2044.868215539216,galactic_gladiators_badge_of_ferocity,galactic_gladiators_insignia_of_alacrity
01_baseline_001,baseline,mage_arcane_spellslinger_6,55787.6049312642,55787.60493126426,Void Elf,Mage,Arcane,20.65903613490585,C4DAAAAAAAAAAAAAAAAAAAAAAYGmZZmZmFmZGaGzAAAwAAAAzMzssMzELAAsNmZmZmtFLzMmlZmZMmZmhNmZmxAAYAAAgZmZ2AAYGAA,1,602.0,1237.0,107.0,519.0,49284.35926336104,60809.54072490943,2045.7970909037813,galactic_gladiators_badge_of_ferocity,galactic_gladiators_insignia_of_alacrity
01_baseline_001,baseline,mage_arcane_spellslinger_36,47336.01793663365,47336.017936633725,Void Elf,Mage,Arcane,24.303602211903527,C4DAAAAAAAAAAAAAAAAAAAAAAYGmZZmZmFmZGaGzAAAwAAAAzMzssMzELAAsNmZmZmlFLzMmtxMjxMzMsxMzMmBAYAAAgZmZ2AAYGAA,1,602.0,1237.0,107.0,519.0,42019.89506593811,53524.25256821285,1806.6670977793297,galactic_gladiators_badge_of_ferocity,galactic_gladiators_insignia_of_alacrity
01_baseline_001,baseline,mage_arcane_spellslinger_7,50583.84647470796,50583.84647470804,Void Elf,Mage,Arcane,25.067555272217017,C4DAAAAAAAAAAAAAAAAAAAAAAYGmZZmZmFmZGaGzAAAwAAAAzMzssMzELAAsNmZmZmtFLzMmtZmZMmZmhNmZmxAAYAAAgZmZWAAYGAA,1,602.0,1237.0,107.0,519.0,44218.59643337735,56898.73010723816,1908.2021477000503,galactic_gladiators_badge_of_ferocity,galactic_gladiators_insignia_of_alacrity
01_baseline_001,baseline,mage_arcane_spellslinger_39,49185.362316399456,49185.3623163996,Void Elf,Mage,Arcane,22.57892512159421,C4DAAAAAAAAAAAAAAAAAAAAAAYGmZZmZmFmZGaGzAAAwAAAAzMzssMzELAAsNmZmZmtFLzMmtxMjxMzMsxMzMmBAYAAAgZmZWAAYGAA,1,602.0,1237.0,107.0,519.0,43959.916401310205,55065.44252951485,1773.317435297136,galactic_gladiators_badge_of_ferocity,galactic_gladiators_insignia_of_alacrity
01_baseline_001,baseline,mage_arcane_spellslinger_75,47211.01709803959,47211.01709803965,Void Elf,Mage,Arcane,20.04879973460232,C4DAAAAAAAAAAAAAAAAAAAAAAYGmZZmZmFmZGaGzAAAwAAAAzMzssMzELAAsxMzMzssYbmxsNzMjxMzMsxMzMmBAYAAAgZmZWAAYGAA,1,602.0,1237.0,107.0,519.0,42680.02876658996,52145.27103724478,1611.0864438019255,galactic_gladiators_badge_of_ferocity,galactic_gladiators_insignia_of_alacrity
01_baseline_001,baseline,mage_arcane_spellslinger_8,49419.13401301817,49419.13401301821,Void Elf,Mage,Arcane,23.34187051731633,C4DAAAAAAAAAAAAAAAAAAAAAAYGmZZmZmFmZGaGzAAAwAAAAzMzssMzELAAsNmZmZmtFLzMmtZmZMmZmhNmZmxAAYAAAgZmZ2AAYGAA,1,602.0,1237.0,107.0,519.0,44208.15538931162,55743.50566140936,1716.9301214621246,galactic_gladiators_badge_of_ferocity,galactic_gladiators_insignia_of_alacrity
01_baseline_001,baseline,mage_arcane_spellslinger_38,55582.12795698828,55582.12795698836,Void Elf,Mage,Arcane,23.17330388515192,C4DAAAAAAAAAAAAAAAAAAAAAAYGmZZmZmFmZGaGzAAAwAAAAzMzssMzELAAsNmZmZmtFLzMmlxMjxMzMsxMzMmBAYAAAgZmZ2AAYGAA,1,602.0,1237.0,107.0,519.0,48885.93537693904,61766.15079424592,2123.0816156027386,galactic_gladiators_badge_of_ferocity,galactic_gladiators_insignia_of_alacrity
01_baseline_001,baseline,mage_arcane_spellslinger_74,53272.4214234344,53272.42142343445,Void Elf,Mage,Arcane,22.67848203384019,C4DAAAAAAAAAAAAAAAAAAAAAAYGmZZmZmFmZGaGzAAAwAAAAzMzssMzELAAsxMzMzssYbmxsMzMjxMzMsxMzMmBAYAAAgZmZ2AAYGAA,1,602.0,1237.0,107.0,519.0,47800.20988397809,59881.58640548329,2030.364266229324,galactic_gladiators_badge_of_ferocity,galactic_gladiators_insignia_of_alacrity
01_baseline_001,baseline,mage_arcane_spellslinger_9,54721.31186501628,54721.31186501633,Void Elf,Mage,Arcane,20.228156551489427,C4DAAAAAAAAAAAAAAAAAAAAAAYGmZZmZmFmZGaGzAAAwAAAAzMzssMzELAAsNmZmZmlFbzMmlZmZMmZmhNmZmxAAYAAAgZmZWAAYGAA,1,602.0,1237.0,107.0,519.0,49337.61091551066,60406.72354659491,2070.9438550548425,galactic_gladiators_badge_of_ferocity,galactic_gladiators_insignia_of_alacrity
01_baseline_001,baseline,mage_arcane_spellslinger_10,53080.36073582432,53080.36073582441,Void Elf,Mage,Arcane,23.075078179497243,C4DAAAAAAAAAAAAAAAAAAAAAAYGmZZmZmFmZGaGzAAAwAAAAzMzssMzELAAsNmZmZmlFbzMmlZmZMmZmhNmZmxAAYAAAgZmZ2AAYGAA,1,602.0,1237.0,107.0,519.0,46713.517483544056,58961.85222129468,1983.2216998201477,galactic_gladiators_badge_of_ferocity,galactic_gladiators_insignia_of_alacrity
01_baseline_001,baseline,mage_arcane_spellslinger_11,51027.29549791812,51027.29549791819,Void Elf,Mage,Arcane,24.508613864985595,C4DAAAAAAAAAAAAAAAAAAAAAAYGmZZmZmFmZGaGzAAAwAAAAzMzssMzELAAsNmZmZmlFbzMmtZmZMmZmhNmZmxAAYAAAgZmZWAAYGAA,1,602.0,1237.0,107.0,519.0,44899.383021907175,57405.46584123711,1994.06519048402,galactic_gladiators_badge_of_ferocity,galactic_gladiators_insignia_of_alacrity
01_baseline_001,baseline,mage_arcane_spellslinger_12,49103.41895447139,49103.4189544714,Void Elf,Mage,Arcane,20.27181481445713,C4DAAAAAAAAAAAAAAAAAAAAAAYGmZZmZmFmZGaGzAAAwAAAAzMzssMzELAAsNmZmZmlFbzMmtZmZMmZmhNmZmxAAYAAAgZmZ2AAYGAA,1,602.0,1237.0,107.0,519.0,43889.780108579245,53843.93426659673,1911.077845376378,galactic_gladiators_badge_of_ferocity,galactic_gladiators_insignia_of_alacrity
01_baseline_001,baseline,mage_arcane_spellslinger_13,56143.05931874319,56143.05931874326,Void Elf,Mage,Arcane,23.822833850312808,C4DAAAAAAAAAAAAAAAAAAAAAAYGmZZmZmFmZGaGzAAAwAAAAzMzssMzELAAsNmZmZmtFbzMmlZmZMmZmhNmZmxAAYAAAgZmZWAAYGAA,1,602.0,1237.0,107.0,519.0,50274.45208208336,63649.31982207012,1952.185847023115,galactic_gladiators_badge_of_ferocity,galactic_gladiators_insignia_of_alacrity
01_baseline_001,baseline,mage_arcane_spellslinger_14,54625.70412911535,54625.70412911541,Void Elf,Mage,Arcane,23.402611511374477,C4DAAAAAAAAAAAAAAAAAAAAAAYGmZZmZmFmZGaGzAAAwAAAAzMzssMzELAAsNmZmZmtFbzMmlZmZMmZmhNmZmxAAYAAAgZmZ2AAYGAA,1,602.0,1237.0,107.0,519.0,48120.19684842589,60904.0381711156,2020.4460510640477,galactic_gladiators_badge_of_ferocity,galactic_gladiators_insignia_of_alacrity
01_baseline_001,baseline,mage_arcane_spellslinger_15,51727.42890213862,51727.42890213866,Void Elf,Mage,Arcane,19.754415899391034,C4DAAAAAAAAAAAAAAAAAAAAAAYGmZZmZmFmZGaGzAAAwAAAAzMzssMzELAAsNmZmZmtFbzMmtZmZMmZmhNmZmxAAYAAAgZmZWAAYGAA,1,602.0,1237.0,107.0,519.0,47054.59250275283,57273.04394214309,1889.3690303576443,galactic_gladiators_badge_of_ferocity,galactic_gladiators_insignia_of_alacrity
01_baseline_001,baseline,mage_arcane_spellslinger_49,55087.25839218749,55087.25839218756,Void Elf,Mage,Arcane,21.30876862738309,C4DAAAAAAAAAAAAAAAAAAAAAAYGmZZmZmFmZGaGzAAAwAAAAzMzssMzELAAsNmZmZmlNLzMmlxMjxMzMsxMzMmBAYAAAgZmZWAAYGAA,1,602.0,1237.0,107.0,519.0,49214.76150370458,60953.17793766449,2053.0736172328066,galactic_gladiators_badge_of_ferocity,galactic_gladiators_insignia_of_alacrity
01_baseline_001,baseline,mage_arcane_spellslinger_16,50086.67129199561,50086.67129199569,Void Elf,Mage,Arcane,20.503182197826398,C4DAAAAAAAAAAAAAAAAAAAAAAYGmZZmZmFmZGaGzAAAwAAAAzMzssMzELAAsNmZmZmtFbzMmtZmZMmZmhNmZmxAAYAAAgZmZ2AAYGAA,1,602.0,1237.0,107.0,519.0,45253.313230575215,55522.67470239948,1767.1083065608757,galactic_gladiators_badge_of_ferocity,galactic_gladiators_insignia_of_alacrity
01_baseline_001,baseline,mage_arcane_spellslinger_48,48932.72591989357,48932.72591989365,Void Elf,Mage,Arcane,19.56592954382189,C4DAAAAAAAAAAAAAAAAAAAAAAYGmZZmZmFmZGaGzAAAwAAAAzMzssMzELAAsNmZmZmtFbzMmtxMjxMzMsxMzMmBAYAAAgZmZ2AAYGAA,1,602.0,1237.0,107.0,519.0,44501.90412100443,54076.04679836228,1641.937834079825,galactic_gladiators_badge_of_ferocity,galactic_gladiators_insignia_of_alacrity
01_baseline_001,baseline,mage_arcane_spellslinger_17,55272.430224463016,55272.43022446311,Void Elf,Mage,Arcane,23.25853210125916,C4DAAAAAAAAAAAAAAAAAAAAAAYGmZZmZmFmZGaGzAAAwAAAAzMzssMzELAAsNmZmZmlNLzMmlZmZMmZmhNmZmxAAYAAAgZmZWAAYGAA,1,602.0,1237.0,107.0,519.0,49262.8073989484,62118.3633258512,2188.0431983504286,galactic_gladiators_badge_of_ferocity,galactic_gladiators_insignia_of_alacrity
01_baseline_001,baseline,mage_arcane_spellslinger_47,50696.09406630202,50696.09406630211,Void Elf,Mage,Arcane,19.899418744825464,C4DAAAAAAAAAAAAAAAAAAAAAAYGmZZmZmFmZGaGzAAAwAAAAzMzssMzELAAsNmZmZmtFbzMmtxMjxMzMsxMzMmBAYAAAgZmZWAAYGAA,1,602.0,1237.0,107.0,519.0,46143.80014165556,56232.02818717962,1900.187116446266,galactic_gladiators_badge_of_ferocity,galactic_gladiators_insignia_of_alacrity
01_baseline_001,baseline,mage_arcane_spellslinger_18,54278.52751782069,54278.527517820745,Void Elf,Mage,Arcane,22.459649508108768,C4DAAAAAAAAAAAAAAAAAAAAAAYGmZZmZmFmZGaGzAAAwAAAAzMzssMzELAAsNmZmZmlNLzMmlZmZMmZmhNmZmxAAYAAAgZmZ2AAYGAA,1,602.0,1237.0,107.0,519.0,48235.402223658886,60426.16926232378,2183.5721965686103,galactic_gladiators_badge_of_ferocity,galactic_gladiators_insignia_of_alacrity
01_baseline_001,baseline,mage_arcane_spellslinger_46,54861.246023222426,54861.24602322244,Void Elf,Mage,Arcane,25.13562184380133,C4DAAAAAAAAAAAAAAAAAAAAAAYGmZZmZmFmZGaGzAAAwAAAAzMzssMzELAAsNmZmZmtFbzMmlxMjxMzMsxMzMmBAYAAAgZmZ2AAYGAA,1,602.0,1237.0,107.0,519.0,48184.66569793008,61974.38103712477,2031.85456366512,galactic_gladiators_badge_of_ferocity,galactic_gladiators_insignia_of_alacrity
01_baseline_001,baseline,mage_arcane_spellslinger_19,49987.61844229611,49987.6184422962,Void Elf,Mage,Arcane,21.88424629219738,C4DAAAAAAAAAAAAAAAAAAAAAAYGmZZmZmFmZGaGzAAAwAAAAzMzssMzELAAsNmZmZmlNLzMmtZmZMmZmhNmZmxAAYAAAgZmZWAAYGAA,1,602.0,1237.0,107.0,519.0,44947.34451983685,55886.75805535281,1968.7756687144272,galactic_gladiators_badge_of_ferocity,galactic_gladiators_insignia_of_alacrity
01_baseline_001,baseline,mage_arcane_spellslinger_51,48467.51640021183,48467.51640021191,Void Elf,Mage,Arcane,23.01350856594825,C4DAAAAAAAAAAAAAAAAAAAAAAYGmZZmZmFmZGaGzAAAwAAAAzMzssMzELAAsNmZmZmlNLzMmtxMjxMzMsxMzMmBAYAAAgZmZWAAYGAA,1,602.0,1237.0,107.0,519.0,43134.86706655152,54288.94310501664,1955.4047340533325,galactic_gladiators_badge_of_ferocity,galactic_gladiators_insignia_of_alacrity
01_baseline_001,baseline,mage_arcane_spellslinger_20,48405.27171580413,48405.27171580421,Void Elf,Mage,Arcane,24.62493618827938,C4DAAAAAAAAAAAAAAAAAAAAAAYGmZZmZmFmZGaGzAAAwAAAAzMzssMzELAAsNmZmZmlNLzMmtZmZMmZmhNmZmxAAYAAAgZmZ2AAYGAA,1,602.0,1237.0,107.0,519.0,43002.0582647389,54921.82553651892,1972.6786702506552,galactic_gladiators_badge_of_ferocity,galactic_gladiators_insignia_of_alacrity
01_baseline_001,baseline,mage_arcane_spellslinger_50,54196.365312854185,54196.36531285424,Void Elf,Mage,Arcane,28.717028393983203,C4DAAAAAAAAAAAAAAAAAAAAAAYGmZZmZmFmZGaGzAAAwAAAAzMzssMzELAAsNmZmZmlNLzMmlxMjxMzMsxMzMmBAYAAAgZmZ2AAYGAA,1,602.0,1237.0,107.0,519.0,47049.55820733931,62613.14382273851,2125.693794358358,galactic_gladiators_badge_of_ferocity,galactic_gladiators_insignia_of_alacrity
01_baseline_001,baseline,mage_arcane_spellslinger_21,56651.46456316811,56651.46456316817,Void Elf,Mage,Arcane,26.66302251223418,C4DAAAAAAAAAAAAAAAAAAAAAAYGmZZmZmFmZGaGzAAAwAAAAzMzssMzELAAsNmZmZmtNLzMmlZmZMmZmhNmZmxAAYAAAgZmZWAAYGAA,1,602.0,1237.0,107.0,519.0,48323.49172183847,63428.48447182635,1965.7038678385195,galactic_gladiators_badge_of_ferocity,galactic_gladiators_insignia_of_alacrity
01_baseline_001,baseline,mage_arcane_spellslinger_53,56567.22650311657,56567.2265031166,Void Elf,Mage,Arcane,22.603291282620116,C4DAAAAAAAAAAAAAAAAAAAAAAYGmZZmZmFmZGaGzAAAwAAAAzMzssMzELAAsNmZmZmtNLzMmlxMjxMzMsxMzMmBAYAAAgZmZWAAYGAA,1,602.0,1237.0,107.0,519.0,50254.34762488701,63040.40260188593,2018.909732196811,galactic_gladiators_badge_of_ferocity,galactic_gladiators_insignia_of_alacrity
01_baseline_001,baseline,mage_arcane_spellslinger_22,55534.79258292375,55534.79258292382,Void Elf,Mage,Arcane,23.56670755378192,C4DAAAAAAAAAAAAAAAAAAAAAAYGmZZmZmFmZGaGzAAAwAAAAzMzssMzELAAsNmZmZmtNLzMmlZmZMmZmhNmZmxAAYAAAgZmZ2AAYGAA,1,602.0,1237.0,107.0,519.0,48689.70803241973,61777.43019103674,2193.40102181206,galactic_gladiators_badge_of_ferocity,galactic_gladiators_insignia_of_alacrity
01_baseline_001,baseline,mage_arcane_spellslinger_52,47202.22293875665,47202.22293875672,Void Elf,Mage,Arcane,25.326225060848174,C4DAAAAAAAAAAAAAAAAAAAAAAYGmZZmZmFmZGaGzAAAwAAAAzMzssMzELAAsNmZmZmlNLzMmtxMjxMzMsxMzMmBAYAAAgZmZ2AAYGAA,1,602.0,1237.0,107.0,519.0,41958.24248986977,53912.78370506258,1884.4509101388517,galactic_gladiators_badge_of_ferocity,galactic_gladiators_insignia_of_alacrity
01_baseline_001,baseline,mage_arcane_spellslinger_23,50322.3570144279,50322.357014427966,Void Elf,Mage,Arcane,24.051893989636504,C4DAAAAAAAAAAAAAAAAAAAAAAYGmZZmZmFmZGaGzAAAwAAAAzMzssMzELAAsNmZmZmtNLzMmtZmZMmZmhNmZmxAAYAAAgZmZWAAYGAA,1,602.0,1237.0,107.0,519.0,45367.67268310227,57471.15264529888,1835.7716990558868,galactic_gladiators_badge_of_ferocity,galactic_gladiators_insignia_of_alacrity
01_baseline_001,baseline,mage_arcane_spellslinger_55,49015.88144522082,49015.88144522093,Void Elf,Mage,Arcane,20.89574385498158,C4DAAAAAAAAAAAAAAAAAAAAAAYGmZZmZmFmZGaGzAAAwAAAAzMzssMzELAAsNmZmZmtNLzMmtxMjxMzMsxMzMmBAYAAAgZmZWAAYGAA,1,602.0,1237.0,107.0,519.0,44238.94015363532,54481.1731886901,1785.3301470369893,galactic_gladiators_badge_of_ferocity,galactic_gladiators_insignia_of_alacrity
01_baseline_001,baseline,mage_arcane_spellslinger_24,49192.3528992251,49192.35289922517,Void Elf,Mage,Arcane,24.694822899991248,C4DAAAAAAAAAAAAAAAAAAAAAAYGmZZmZmFmZGaGzAAAwAAAAzMzssMzELAAsNmZmZmtNLzMmtZmZMmZmhNmZmxAAYAAAgZmZ2AAYGAA,1,602.0,1237.0,107.0,519.0,43149.877776098525,55297.84220490087,1788.142251766012,galactic_gladiators_badge_of_ferocity,galactic_gladiators_insignia_of_alacrity
01_baseline_001,baseline,mage_arcane_spellslinger_54,55667.26619292532,55667.26619292536,Void Elf,Mage,Arcane,20.640718371677057,C4DAAAAAAAAAAAAAAAAAAAAAAYGmZZmZmFmZGaGzAAAwAAAAzMzssMzELAAsNmZmZmtNLzMmlxMjxMzMsxMzMmBAYAAAgZmZ2AAYGAA,1,602.0,1237.0,107.0,519.0,50340.26313792305,61830.38677801656,1985.9347242495928,galactic_gladiators_badge_of_ferocity,galactic_gladiators_insignia_of_alacrity
01_baseline_001,baseline,mage_arcane_spellslinger_25,54760.652093991295,54760.65209399137,Void Elf,Mage,Arcane,21.26503828782635,C4DAAAAAAAAAAAAAAAAAAAAAAYGmZZmZmFmZGaGzAAAwAAAAzMzssMzELAAsNmZmZmlNbzMmlZmZMmZmhNmZmxAAYAAAgZmZWAAYGAA,1,602.0,1237.0,107.0,519.0,48881.50777171733,60526.381406167966,2056.216708750362,galactic_gladiators_badge_of_ferocity,galactic_gladiators_insignia_of_alacrity
01_baseline_001,baseline,mage_arcane_spellslinger_57,54476.72651643628,54476.72651643632,Void Elf,Mage,Arcane,21.272181379977248,C4DAAAAAAAAAAAAAAAAAAAAAAYGmZZmZmFmZGaGzAAAwAAAAzMzssMzELAAsNmZmZmlNbzMmlxMjxMzMsxMzMmBAYAAAgZmZWAAYGAA,1,602.0,1237.0,107.0,519.0,48587.56420996014,60175.95228441063,2032.2499229667208,galactic_gladiators_badge_of_ferocity,galactic_gladiators_insignia_of_alacrity
01_baseline_001,baseline,mage_arcane_spellslinger_26,53299.42069805791,53299.42069805802,Void Elf,Mage,Arcane,24.21922694697037,C4DAAAAAAAAAAAAAAAAAAAAAAYGmZZmZmFmZGaGzAAAwAAAAzMzssMzELAAsNmZmZmlNbzMmlZmZMmZmhNmZmxAAYAAAgZmZ2AAYGAA,1,602.0,1237.0,107.0,519.0,47560.61974233286,60469.32740261601,2130.6892858828214,galactic_gladiators_badge_of_ferocity,galactic_gladiators_insignia_of_alacrity
01_baseline_001,baseline,mage_arcane_spellslinger_56,47638.32927946207,47638.329279462174,Void Elf,Mage,Arcane,19.862656920781998,C4DAAAAAAAAAAAAAAAAAAAAAAYGmZZmZmFmZGaGzAAAwAAAAzMzssMzELAAsNmZmZmtNLzMmtxMjxMzMsxMzMmBAYAAAgZmZ2AAYGAA,1,602.0,1237.0,107.0,519.0,43028.17926273056,52490.41717030254,1694.1523165229378,galactic_gladiators_badge_of_ferocity,galactic_gladiators_insignia_of_alacrity
01_baseline_001,baseline,mage_arcane_spellslinger_27,51019.293466859344,51019.29346685941,Void Elf,Mage,Arcane,23.354190613044597,C4DAAAAAAAAAAAAAAAAAAAAAAYGmZZmZmFmZGaGzAAAwAAAAzMzssMzELAAsNmZmZmlNbzMmtZmZMmZmhNmZmxAAYAAAgZmZWAAYGAA,1,602.0,1237.0,107.0,519.0,45120.64897576543,57035.792021444366,1999.386295892445,galactic_gladiators_badge_of_ferocity,galactic_gladiators_insignia_of_alacrity
01_baseline_001,baseline,mage_arcane_spellslinger_59,49745.53296389682,49745.532963896905,Void Elf,Mage,Arcane,25.338314488300476,C4DAAAAAAAAAAAAAAAAAAAAAAYGmZZmZmFmZGaGzAAAwAAAAzMzssMzELAAsNmZmZmlNbzMmtxMjxMzMsxMzMmBAYAAAgZmZWAAYGAA,1,602.0,1237.0,107.0,519.0,43921.90477876888,56526.58436504224,1912.7893719289125,galactic_gladiators_badge_of_ferocity,galactic_gladiators_insignia_of_alacrity
01_baseline_001,baseline,mage_arcane_spellslinger_28,49005.9487325381,49005.94873253814,Void Elf,Mage,Arcane,29.0974604205368,C4DAAAAAAAAAAAAAAAAAAAAAAYGmZZmZmFmZGaGzAAAwAAAAzMzssMzELAAsNmZmZmlNbzMmtZmZMmZmhNmZmxAAYAAAgZmZ2AAYGAA,1,602.0,1237.0,107.0,519.0,41185.14259552551,55444.62913168434,1922.8031912713,galactic_gladiators_badge_of_ferocity,galactic_gladiators_insignia_of_alacrity
01_baseline_001,baseline,mage_arcane_spellslinger_58,53203.30869429016,53203.308694290194,Void Elf,Mage,Arcane,23.8524542161248,C4DAAAAAAAAAAAAAAAAAAAAAAYGmZZmZmFmZGaGzAAAwAAAAzMzssMzELAAsNmZmZmlNbzMmlxMjxMzMsxMzMmBAYAAAgZmZ2AAYGAA,1,602.0,1237.0,107.0,519.0,47274.73659244095,59965.03144021005,2201.923563345756,galactic_gladiators_badge_of_ferocity,galactic_gladiators_insignia_of_alacrity
01_baseline_001,baseline,mage_arcane_spellslinger_29,56080.05522019221,56080.05522019228,Void Elf,Mage,Arcane,27.942998332872428,C4DAAAAAAAAAAAAAAAAAAAAAAYGmZZmZmFmZGaGzAAAwAAAAzMzssMzELAAsNmZmZmtNbzMmlZmZMmZmhNmZmxAAYAAAgZmZWAAYGAA,1,602.0,1237.0,107.0,519.0,49826.625914741264,65497.07480999351,2057.674567908384,galactic_gladiators_badge_of_ferocity,galactic_gladiators_insignia_of_alacrity
01_baseline_001,baseline,mage_arcane_spellslinger_62,54611.33491210712,54611.33491210712,Void Elf,Mage,Arcane,25.10524728492664,C4DAAAAAAAAAAAAAAAAAAAAAAYGmZZmZmFmZGaGzAAAwAAAAzMzssMzELAAsNmZmZmtNbzMmlxMjxMzMsxMzMmBAYAAAgZmZ2AAYGAA,1,602.0,1237.0,107.0,519.0,47804.882930157146,61515.19360544111,2216.475119142035,galactic_gladiators_badge_of_ferocity,galactic_gladiators_insignia_of_alacrity
01_baseline_001,baseline,mage_arcane_spellslinger_31,51659.30524713283,51659.3052471329,Void Elf,Mage,Arcane,25.51397439463366,C4DAAAAAAAAAAAAAAAAAAAAAAYGmZZmZmFmZGaGzAAAwAAAAzMzssMzELAAsNmZmZmtNbzMmtZmZMmZmhNmZmxAAYAAAgZmZWAAYGAA,1,602.0,1237.0,107.0,519.0,43800.91696903615,56981.25888223526,1900.2253899388452,galactic_gladiators_badge_of_ferocity,galactic_gladiators_insignia_of_alacrity
01_baseline_001,baseline,mage_arcane_spellslinger_40,47923.51033439743,47923.51033439751,Void Elf,Mage,Arcane,22.397759078988404,C4DAAAAAAAAAAAAAAAAAAAAAAYGmZZmZmFmZGaGzAAAwAAAAzMzssMzELAAsNmZmZmtFLzMmtxMjxMzMsxMzMmBAYAAAgZmZ2AAYGAA,1,602.0,1237.0,107.0,519.0,43051.67024120822,53785.46262810067,1868.0504785577143,galactic_gladiators_badge_of_ferocity,galactic_gladiators_insignia_of_alacrity
01_baseline_001,baseline,mage_arcane_spellslinger_41,54566.10813468019,54566.10813468023,Void Elf,Mage,Arcane,25.92253337324968,C4DAAAAAAAAAAAAAAAAAAAAAAYGmZZmZmFmZGaGzAAAwAAAAzMzssMzELAAsNmZmZmlFbzMmlxMjxMzMsxMzMmBAYAAAgZmZWAAYGAA,1,602.0,1237.0,107.0,519.0,47402.55162007334,61547.46921176932,2167.274519433005,galactic_gladiators_badge_of_ferocity,galactic_gladiators_insignia_of_alacrity
01_baseline_001,baseline,mage_arcane_spellslinger_42,53214.40710418195,53214.40710418196,Void Elf,Mage,Arcane,27.148783582856783,C4DAAAAAAAAAAAAAAAAAAAAAAYGmZZmZmFmZGaGzAAAwAAAAzMzssMzELAAsNmZmZmlFbzMmlxMjxMzMsxMzMmBAYAAAgZmZ2AAYGAA,1,602.0,1237.0,107.0,519.0,45900.76797494225,60347.83219455698,2156.869900702218,galactic_gladiators_badge_of_ferocity,galactic_gladiators_insignia_of_alacrity
01_baseline_001,baseline,mage_arcane_spellslinger_43,50032.05658362646,50032.05658362647,Void Elf,Mage,Arcane,22.18853999084529,C4DAAAAAAAAAAAAAAAAAAAAAAYGmZZmZmFmZGaGzAAAwAAAAzMzssMzELAAsNmZmZmlFbzMmtxMjxMzMsxMzMmBAYAAAgZmZWAAYGAA,1,602.0,1237.0,107.0,519.0,44657.96737227918,55759.35025557948,1830.4264721706984,galactic_gladiators_badge_of_ferocity,galactic_gladiators_insignia_of_alacrity
01_baseline_001,baseline,mage_arcane_spellslinger_44,48255.73318030786,48255.73318030794,Void Elf,Mage,Arcane,22.536315428431998,C4DAAAAAAAAAAAAAAAAAAAAAAYGmZZmZmFmZGaGzAAAwAAAAzMzssMzELAAsNmZmZmlFbzMmtxMjxMzMsxMzMmBAYAAAgZmZ2AAYGAA,1,602.0,1237.0,107.0,519.0,43654.287816681455,54529.35205849815,1782.1997191560338,galactic_gladiators_badge_of_ferocity,galactic_gladiators_insignia_of_alacrity
01_baseline_001,baseline,mage_arcane_spellslinger_45,55956.00909790168,55956.00909790171,Void Elf,Mage,Arcane,20.766689038528348,C4DAAAAAAAAAAAAAAAAAAAAAAYGmZZmZmFmZGaGzAAAwAAAAzMzssMzELAAsNmZmZmtFbzMmlxMjxMzMsxMzMmBAYAAAgZmZWAAYGAA,1,602.0,1237.0,107.0,519.0,50871.71512911528,62491.92553684716,2039.197452853388,galactic_gladiators_badge_of_ferocity,galactic_gladiators_insignia_of_alacrity
01_baseline_001,baseline,mage_arcane_spellslinger_65,55274.913295541424,55274.913295541446,Void Elf,Mage,Arcane,22.7315492363453,C4DAAAAAAAAAAAAAAAAAAAAAAYGmZZmZmFmZGaGzAAAwAAAAzMzssMzELAAsxMzMzssYZmxsMzMjxMzMsxMzMmBAYAAAgZmZWAAYGAA,1,602.0,1237.0,107.0,519.0,48628.42736689665,61193.27149801982,2162.654762886713,galactic_gladiators_badge_of_ferocity,galactic_gladiators_insignia_of_alacrity
01_baseline_001,baseline,mage_arcane_spellslinger_66,54128.67135349511,54128.67135349508,Void Elf,Mage,Arcane,21.85980417001181,C4DAAAAAAAAAAAAAAAAAAAAAAYGmZZmZmFmZGaGzAAAwAAAAzMzssMzELAAsxMzMzssYZmxsMzMjxMzMsxMzMmBAYAAAgZmZ2AAYGAA,1,602.0,1237.0,107.0,519.0,47774.49181344245,59606.91337114576,2213.27959771728,galactic_gladiators_badge_of_ferocity,galactic_gladiators_insignia_of_alacrity
01_baseline_001,baseline,mage_arcane_spellslinger_67,46506.39967003273,46506.39967003284,Void Elf,Mage,Arcane,24.324363271817457,C4DAAAAAAAAAAAAAAAAAAAAAAYGmZZmZmFmZGaGzAAAwAAAAzMzssMzELAAsxMzMzssYZmxsNzMjxMzMsxMzMmBAYAAAgZmZWAAYGAA,1,602.0,1237.0,107.0,519.0,41506.12707126345,52818.51267164553,1602.2415612763014,galactic_gladiators_badge_of_ferocity,galactic_gladiators_insignia_of_alacrity
01_baseline_001,baseline,mage_arcane_spellslinger_68,45431.86819417843,45431.86819417848,Void Elf,Mage,Arcane,19.26796631109073,C4DAAAAAAAAAAAAAAAAAAAAAAYGmZZmZmFmZGaGzAAAwAAAAzMzssMzELAAsxMzMzssYZmxsNzMjxMzMsxMzMmBAYAAAgZmZ2AAYGAA,1,602.0,1237.0,107.0,519.0,41146.9622605978,49900.75931875125,1575.3364936860996,galactic_gladiators_badge_of_ferocity,galactic_gladiators_insignia_of_alacrity
01_baseline_001,baseline,mage_arcane_spellslinger_69,56228.61970248227,56228.61970248233,Void Elf,Mage,Arcane,20.67874167746883,C4DAAAAAAAAAAAAAAAAAAAAAAYGmZZmZmFmZGaGzAAAwAAAAzMzssMzELAAsxMzMzstYZmxsMzMjxMzMsxMzMmBAYAAAgZmZWAAYGAA,1,602.0,1237.0,107.0,519.0,51308.1162798116,62935.48729689425,1964.268423220048,galactic_gladiators_badge_of_ferocity,galactic_gladiators_insignia_of_alacrity
01_baseline_001,baseline,mage_arcane_spellslinger_70,55403.45205305507,55403.45205305511,Void Elf,Mage,Arcane,25.1719043523196,C4DAAAAAAAAAAAAAAAAAAAAAAYGmZZmZmFmZGaGzAAAwAAAAzMzssMzELAAsxMzMzstYZmxsMzMjxMzMsxMzMmBAYAAAgZmZ2AAYGAA,1,602.0,1237.0,107.0,519.0,48407.651231421645,62353.75519009992,2119.6371835912205,galactic_gladiators_badge_of_ferocity,galactic_gladiators_insignia_of_alacrity
01_baseline_001,baseline,mage_arcane_spellslinger_71,46995.21967205182,46995.21967205191,Void Elf,Mage,Arcane,16.291743341408555,C4DAAAAAAAAAAAAAAAAAAAAAAYGmZZmZmFmZGaGzAAAwAAAAzMzssMzELAAsxMzMzstYZmxsNzMjxMzMsxMzMmBAYAAAgZmZWAAYGAA,1,602.0,1237.0,107.0,519.0,43407.16435058607,51063.504922287895,1479.6628377542036,galactic_gladiators_badge_of_ferocity,galactic_gladiators_insignia_of_alacrity
01_baseline_001,baseline,mage_arcane_spellslinger_72,45768.98952333845,45768.98952333852,Void Elf,Mage,Arcane,20.58311359036812,C4DAAAAAAAAAAAAAAAAAAAAAAYGmZZmZmFmZGaGzAAAwAAAAzMzssMzELAAsxMzMzstYZmxsNzMjxMzMsxMzMmBAYAAAgZmZ2AAYGAA,1,602.0,1237.0,107.0,519.0,40870.085805991446,50290.768908743885,1526.413736033123,galactic_gladiators_badge_of_ferocity,galactic_gladiators_insignia_of_alacrity
01_baseline_001,baseline,mage_arcane_spellslinger_73,54945.75945209619,54945.75945209621,Void Elf,Mage,Arcane,20.568154437371756,C4DAAAAAAAAAAAAAAAAAAAAAAYGmZZmZmFmZGaGzAAAwAAAAzMzssMzELAAsxMzMzssYbmxsMzMjxMzMsxMzMmBAYAAAgZmZWAAYGAA,1,602.0,1237.0,107.0,519.0,49702.80246341599,61004.13112430992,2040.7434473643636,galactic_gladiators_badge_of_ferocity,galactic_gladiators_insignia_of_alacrity
01_baseline_001,baseline,mage_arcane_spellslinger_76,45639.12875045444,45639.12875045448,Void Elf,Mage,Arcane,24.74449810803475,C4DAAAAAAAAAAAAAAAAAAAAAAYGmZZmZmFmZGaGzAAAwAAAAzMzssMzELAAsxMzMzssYbmxsNzMjxMzMsxMzMmBAYAAAgZmZ2AAYGAA,1,602.0,1237.0,107.0,519.0,39409.71234018027,50702.88569036001,1689.5849179835704,galactic_gladiators_badge_of_ferocity,galactic_gladiators_insignia_of_alacrity
01_baseline_001,baseline,mage_arcane_spellslinger_77,56040.62842566551,56040.62842566547,Void Elf,Mage,Arcane,20.019074804943017,C4DAAAAAAAAAAAAAAAAAAAAAAYGmZZmZmFmZGaGzAAAwAAAAzMzssMzELAAsxMzMzstYbmxsMzMjxMzMsxMzMmBAYAAAgZmZWAAYGAA,1,602.0,1237.0,107.0,519.0,50905.20938133301,62124.02470702714,1946.564800036615,galactic_gladiators_badge_of_ferocity,galactic_gladiators_insignia_of_alacrity
01_baseline_001,baseline,mage_arcane_spellslinger_80,46283.000627220375,46283.00062722045,Void Elf,Mage,Arcane,24.230920898642115,C4DAAAAAAAAAAAAAAAAAAAAAAYGmZZmZmFmZGaGzAAAwAAAAzMzssMzELAAsxMzMzstYbmxsNzMjxMzMsxMzMmBAYAAAgZmZ2AAYGAA,1,602.0,1237.0,107.0,519.0,40753.5741239237,51968.37139542351,1598.3220324296371,galactic_gladiators_badge_of_ferocity,galactic_gladiators_insignia_of_alacrity
01_baseline_001,baseline,mage_arcane_spellslinger_81,54904.3906532692,54904.390653269205,Void Elf,Mage,Arcane,25.75161570002648,C4DAAAAAAAAAAAAAAAAAAAAAAYGmZZmZmFmZGaGzAAAwAAAAzMzssMzELAAsxMzMzssZZmxsMzMjxMzMsxMzMmBAYAAAgZmZWAAYGAA,1,602.0,1237.0,107.0,519.0,46575.59657300676,60714.3642564779,2105.88341456358,galactic_gladiators_badge_of_ferocity,galactic_gladiators_insignia_of_alacrity
01_baseline_001,baseline,mage_arcane_spellslinger_82,53827.138894001655,53827.138894001655,Void Elf,Mage,Arcane,27.40502867965615,C4DAAAAAAAAAAAAAAAAAAAAAAYGmZZmZmFmZGaGzAAAwAAAAzMzssMzELAAsxMzMzssZZmxsMzMjxMzMsxMzMmBAYAAAgZmZ2AAYGAA,1,602.0,1237.0,107.0,519.0,45889.858342918815,60641.20119425832,2232.31146289336,galactic_gladiators_badge_of_ferocity,galactic_gladiators_insignia_of_alacrity
01_baseline_001,baseline,mage_arcane_spellslinger_83,46135.53582908075,46135.53582908082,Void Elf,Mage,Arcane,21.455546683640183,C4DAAAAAAAAAAAAAAAAAAAAAAYGmZZmZmFmZGaGzAAAwAAAAzMzssMzELAAsxMzMzssZZmxsNzMjxMzMsxMzMmBAYAAAgZmZWAAYGAA,1,602.0,1237.0,107.0,519.0,40923.763927372594,50822.39535492856,1671.6951991153796,galactic_gladiators_badge_of_ferocity,galactic_gladiators_insignia_of_alacrity
01_baseline_001,baseline,mage_arcane_spellslinger_84,45114.556902530894,45114.55690253094,Void Elf,Mage,Arcane,21.58469156984889,C4DAAAAAAAAAAAAAAAAAAAAAAYGmZZmZmFmZGaGzAAAwAAAAzMzssMzELAAsxMzMzssZZmxsNzMjxMzMsxMzMmBAYAAAgZmZ2AAYGAA,1,602.0,1237.0,107.0,519.0,40327.74359744126,50065.58155795653,1623.203264128899,galactic_gladiators_badge_of_ferocity,galactic_gladiators_insignia_of_alacrity
01_baseline_001,baseline,mage_arcane_spellslinger_85,56239.51803795821,56239.51803795823,Void Elf,Mage,Arcane,26.073547913680333,C4DAAAAAAAAAAAAAAAAAAAAAAYGmZZmZmFmZGaGzAAAwAAAAzMzssMzELAAsxMzMzstZZmxsMzMjxMzMsxMzMmBAYAAAgZmZWAAYGAA,1,602.0,1237.0,107.0,519.0,48919.42691267168,63583.0645947216,2175.489297443956,galactic_gladiators_badge_of_ferocity,galactic_gladiators_insignia_of_alacrity
01_baseline_001,baseline,mage_arcane_spellslinger_86,55150.66846593354,55150.66846593354,Void Elf,Mage,Arcane,20.44107355603049,C4DAAAAAAAAAAAAAAAAAAAAAAYGmZZmZmFmZGaGzAAAwAAAAzMzssMzELAAsxMzMzstZZmxsMzMjxMzMsxMzMmBAYAAAgZmZ2AAYGAA,1,602.0,1237.0,107.0,519.0,50225.24552429795,61498.63423206194,2087.7415078669483,galactic_gladiators_badge_of_ferocity,galactic_gladiators_insignia_of_alacrity
01_baseline_001,baseline,mage_arcane_spellslinger_87,46702.59927749436,46702.59927749442,Void Elf,Mage,Arcane,19.92203555804102,C4DAAAAAAAAAAAAAAAAAAAAAAYGmZZmZmFmZGaGzAAAwAAAAzMzssMzELAAsxMzMzstZZmxsNzMjxMzMsxMzMmBAYAAAgZmZWAAYGAA,1,602.0,1237.0,107.0,519.0,42101.73509240754,51405.84352699938,1542.103181926743,galactic_gladiators_badge_of_ferocity,galactic_gladiators_insignia_of_alacrity
01_baseline_001,baseline,mage_arcane_spellslinger_88,45591.95283490328,45591.95283490336,Void Elf,Mage,Arcane,19.18968205109838,C4DAAAAAAAAAAAAAAAAAAAAAAYGmZZmZmFmZGaGzAAAwAAAAzMzssMzELAAsxMzMzstZZmxsNzMjxMzMsxMzMmBAYAAAgZmZ2AAYGAA,1,602.0,1237.0,107.0,519.0,41117.10272341553,49866.05351332021,1449.5392250802029,galactic_gladiators_badge_of_ferocity,galactic_gladiators_insignia_of_alacrity
